year,date,site,fieldplot,pair,plot,block,collection,litter,removal,family,genus,species,code,functional_group,life_history,cover,count,nearest_neighbor,percent_cover
2025,8/6/25,Emerald Lake,1A,1,1,1,Post,Mixed,R,,,,bare,environmental,,25,0,0,0.25
2025,8/6/25,Emerald Lake,1A,1,1,1,Post,Mixed,R,,,,litter,environmental,,2,0,0,0.02
2025,8/6/25,Emerald Lake,1A,1,1,1,Post,Mixed,R,,,,rock,environmental,,1,0,0,0.01
2025,8/6/25,Emerald Lake,1A,1,1,1,Post,Mixed,R,Primulaceae,Androsace,septentrionalis,ANSE,forb,annual,0.5,2,0,0.005
2025,8/6/25,Emerald Lake,1A,1,1,1,Post,Mixed,R,Onagraceae,Chamaenuerion,angustifolium,CHAN,forb,perennial,3,3,0,0.03
2025,8/6/25,Emerald Lake,1A,1,1,1,Post,Mixed,R,Brassicaceae ,Draba,spectabilis,DRSP,forb,perennial,0.1,2,0,0.001
2025,8/6/25,Emerald Lake,1A,1,1,1,Post,Mixed,R,Rosaceae,Fragaria,virginiana,FRVI,forb,perennial,4,3,0,0.04
2025,8/6/25,Emerald Lake,1A,1,1,1,Post,Mixed,R,Geraniaceae,Geranium,richardsonii,GERI,forb,perennial,2,2,0,0.02
2025,8/6/25,Emerald Lake,1A,1,1,1,Post,Mixed,R,Asteraceae,Helianthella,quinquenervis,HEQU,forb,perennial,45,7,0,0.45
2025,8/6/25,Emerald Lake,1A,1,1,1,Post,Mixed,R,Asteraceae,Hymenoxys,hoopesii,HYHO,forb,perennial,3,2,0,0.03
2025,8/6/25,Emerald Lake,1A,1,1,1,Post,Mixed,R,Apiaceae,Ligusticum,porteri,LIPO,forb,perennial,3,2,0,0.03
2025,8/6/25,Emerald Lake,1A,1,1,1,Post,Mixed,R,Boraginaceae,Mertensia,ciliata,MECI,forb,perennial,1,2,0,0.01
2025,8/6/25,Emerald Lake,1A,1,1,1,Post,Mixed,R,Rosaceae,Potentilla,gracilis,POGR,forb,perennial,7,4,0,0.07
2025,8/6/25,Emerald Lake,1A,1,1,1,Post,Mixed,R,Asteraceae,Senecio,crassulus,SECR,forb,perennial,4,3,0,0.04
2025,8/6/25,Emerald Lake,1A,1,1,1,Post,Mixed,R,Poaceae,Bromus,pumpellianus,BRPU,grass,perennial,1,2,0,0.01
2025,8/6/25,Emerald Lake,1A,1,1,1,Post,Mixed,R,Poaceae,Elymus,glaucus,ELGL,grass,perennial,12,4,0,0.12
2025,8/6/25,Emerald Lake,1A,1,1,1,Post,Mixed,R,Poaceae,Melica,spectabilis,MESP,grass,perennial,10,6,0,0.1
2025,8/6/25,Emerald Lake,1A,1,1,1,Post,Mixed,R,Fabaceae,Lupinus,argenteus,LUAR,legume,perennial,3,10,0,0.03
2025,8/6/25,Emerald Lake,1B,1,2,1,Post,Mixed,C,,,,bare,environmental,,40,0,0,0.4
2025,8/6/25,Emerald Lake,1B,1,2,1,Post,Mixed,C,,,,litter,environmental,,1,0,0,0.01
2025,8/6/25,Emerald Lake,1B,1,2,1,Post,Mixed,C,,,,rock,environmental,,1,0,0,0.01
2025,8/6/25,Emerald Lake,1B,1,2,1,Post,Mixed,C,Asteraceae,Agoseris,glauca,AGGL,forb,perennial,1,2,0,0.01
2025,8/6/25,Emerald Lake,1B,1,2,1,Post,Mixed,C,Primulaceae,Androsace,septentrionalis,ANSE,forb,annual,0.5,1,0,0.005
2025,8/6/25,Emerald Lake,1B,1,2,1,Post,Mixed,C,Ranunculaceae,Aquilegia,coerulea,AQCO,forb,perennial,4,2,0,0.04
2025,8/6/25,Emerald Lake,1B,1,2,1,Post,Mixed,C,Asteraceae,Erigeron,elatior,EREL,forb,perennial,0.5,1,0,0.005
2025,8/6/25,Emerald Lake,1B,1,2,1,Post,Mixed,C,Rosaceae,Fragaria,virginiana,FRVI,forb,perennial,2,4,0,0.02
2025,8/6/25,Emerald Lake,1B,1,2,1,Post,Mixed,C,Geraniaceae,Geranium,richardsonii,GERI,forb,perennial,1,1,0,0.01
2025,8/6/25,Emerald Lake,1B,1,2,1,Post,Mixed,C,Asteraceae,Helianthella,quinquenervis,HEQU,forb,perennial,25,9,0,0.25
2025,8/6/25,Emerald Lake,1B,1,2,1,Post,Mixed,C,Asteraceae,Hymenoxys,hoopesii,HYHO,forb,perennial,15,5,1,0.15
2025,8/6/25,Emerald Lake,1B,1,2,1,Post,Mixed,C,Apiaceae,Ligusticum,porteri,LIPO,forb,perennial,8,2,1,0.08
2025,8/6/25,Emerald Lake,1B,1,2,1,Post,Mixed,C,Rosaceae,Potentilla,gracilis,POGR,forb,perennial,5,3,1,0.05
2025,8/6/25,Emerald Lake,1B,1,2,1,Post,Mixed,C,Poaceae,Bromus,pumpellianus,BRPU,grass,perennial,1,7,0,0.01
2025,8/6/25,Emerald Lake,1B,1,2,1,Post,Mixed,C,Poaceae,Elymus,glaucus,ELGL,grass,perennial,2,8,0,0.02
2025,8/6/25,Emerald Lake,1B,1,2,1,Post,Mixed,C,Poaceae,Melica,spectabilis,MESP,grass,perennial,3,6,0,0.03
2025,8/6/25,Emerald Lake,1B,1,2,1,Post,Mixed,C,Poaceae,Poa,stenantha,POST,grass,perennial,1,1,0,0.01
2025,8/6/25,Emerald Lake,1B,1,2,1,Post,Mixed,C,Orobanchaceae,Castilleja,septentrionalis,CASE,hemiparasite,perennial,1,1,0,0.01
2025,8/6/25,Emerald Lake,1B,1,2,1,Post,Mixed,C,Cyperaceae,Carex,Hoodii,CAHO,sedge,perennial,3,5,0,0.03
2025,8/6/25,Emerald Lake,1B,1,2,1,Post,Mixed,C,Grossulariaceae,Ribes,montigenum,RIMO,shrub,perennial,25,2,0,0.25
2025,8/4/25,Emerald Lake,2A,2,3,2,Post,Castilleja,C,,,,bare,environmental,,40,0,0,0.4
2025,8/4/25,Emerald Lake,2A,2,3,2,Post,Castilleja,C,,,,litter,environmental,,1,0,0,0.01
2025,8/4/25,Emerald Lake,2A,2,3,2,Post,Castilleja,C,,,,rock,environmental,,2,0,0,0.02
2025,8/4/25,Emerald Lake,2A,2,3,2,Post,Castilleja,C,Primulaceae,Androsace,septentrionalis,ANSE,forb,annual,1,3,0,0.01
2025,8/4/25,Emerald Lake,2A,2,3,2,Post,Castilleja,C,Ranunculaceae,Aquilegia,coerulea,AQCO,forb,perennial,4,1,0,0.04
2025,8/4/25,Emerald Lake,2A,2,3,2,Post,Castilleja,C,Brassicaceae,Barbarea,vulgaris,BAVU,forb,biennial,0.1,1,0,0.001
2025,8/4/25,Emerald Lake,2A,2,3,2,Post,Castilleja,C,Onagraceae,Chamaenuerion,angustifolium,CHAN,forb,perennial,3,3,0,0.03
2025,8/4/25,Emerald Lake,2A,2,3,2,Post,Castilleja,C,Brassicaceae,Descurainia,sophia,DESO,forb,perennial,1,2,0,0.01
2025,8/4/25,Emerald Lake,2A,2,3,2,Post,Castilleja,C,Rosaceae,Fragaria,virginiana,FRVI,forb,perennial,1,1,0,0.01
2025,8/4/25,Emerald Lake,2A,2,3,2,Post,Castilleja,C,Geraniaceae,Geranium,richardsonii,GERI,forb,perennial,4,2,0,0.04
2025,8/4/25,Emerald Lake,2A,2,3,2,Post,Castilleja,C,Apiaceae,Heracleum,maximum,HEMA,forb,perennial,8,2,0,0.08
2025,8/4/25,Emerald Lake,2A,2,3,2,Post,Castilleja,C,Asteraceae,Helianthella,quinquenervis,HEQU,forb,perennial,8,4,0,0.08
2025,8/4/25,Emerald Lake,2A,2,3,2,Post,Castilleja,C,Asteraceae,Hymenoxys,hoopesii,HYHO,forb,perennial,4,4,0,0.04
2025,8/4/25,Emerald Lake,2A,2,3,2,Post,Castilleja,C,Apiaceae,Ligusticum,porteri,LIPO,forb,perennial,20,2,0,0.2
2025,8/4/25,Emerald Lake,2A,2,3,2,Post,Castilleja,C,Rosaceae,Potentilla,gracilis,POGR,forb,perennial,2,1,0,0.02
2025,8/4/25,Emerald Lake,2A,2,3,2,Post,Castilleja,C,Asteraceae,Senecio,crassulus,SECR,forb,perennial,0.5,1,0,0.005
2025,8/4/25,Emerald Lake,2A,2,3,2,Post,Castilleja,C,Caprifoliaceae,Valeriana,occidentalis,VAOC,forb,perennial,1.5,3,0,0.015
2025,8/4/25,Emerald Lake,2A,2,3,2,Post,Castilleja,C,Poaceae,Bromus,pumpellianus,BRPU,grass,perennial,1,4,0,0.01
2025,8/4/25,Emerald Lake,2A,2,3,2,Post,Castilleja,C,Poaceae,Elymus,glaucus,ELGL,grass,perennial,2,9,0,0.02
2025,8/4/25,Emerald Lake,2A,2,3,2,Post,Castilleja,C,Poaceae,Melica,spectabilis,MESP,grass,perennial,3,5,0,0.03
2025,8/4/25,Emerald Lake,2A,2,3,2,Post,Castilleja,C,Orobanchaceae,Castilleja,septentrionalis,CASE,hemiparasite,perennial,0,0,0,0
2025,8/4/25,Emerald Lake,2A,2,3,2,Post,Castilleja,C,Fabaceae,Lupinus,argenteus,LUAR,legume,perennial,5,3,0,0.05
2025,8/4/25,Emerald Lake,2A,2,3,2,Post,Castilleja,C,Cyperaceae,Carex,Hoodii,CAHO,sedge,perennial,1,3,0,0.01
2025,8/4/25,Emerald Lake,2B,2,4,2,Post,Castilleja,R,,,,bare,environmental,,35,0,0,0.35
2025,8/4/25,Emerald Lake,2B,2,4,2,Post,Castilleja,R,,,,litter,environmental,,1,0,0,0.01
2025,8/4/25,Emerald Lake,2B,2,4,2,Post,Castilleja,R,,,,rock,environmental,,2,0,0,0.02
2025,8/4/25,Emerald Lake,2B,2,4,2,Post,Castilleja,R,Primulaceae,Androsace,septentrionalis,ANSE,forb,annual,1,1,0,0.01
2025,8/4/25,Emerald Lake,2B,2,4,2,Post,Castilleja,R,Onagraceae,Chamaenuerion,angustifolium,CHAN,forb,perennial,4,6,0,0.04
2025,8/4/25,Emerald Lake,2B,2,4,2,Post,Castilleja,R,Rosaceae,Fragaria,virginiana,FRVI,forb,perennial,2,2,0,0.02
2025,8/4/25,Emerald Lake,2B,2,4,2,Post,Castilleja,R,Geraniaceae,Geranium,richardsonii,GERI,forb,perennial,1,1,0,0.01
2025,8/4/25,Emerald Lake,2B,2,4,2,Post,Castilleja,R,Apiaceae,Heracleum,maximum,HEMA,forb,perennial,15,1,0,0.15
2025,8/4/25,Emerald Lake,2B,2,4,2,Post,Castilleja,R,Asteraceae,Hymenoxys,hoopesii,HYHO,forb,perennial,15,5,0,0.15
2025,8/4/25,Emerald Lake,2B,2,4,2,Post,Castilleja,R,Apiaceae,Ligusticum,porteri,LIPO,forb,perennial,1,1,0,0.01
2025,8/4/25,Emerald Lake,2B,2,4,2,Post,Castilleja,R,Boraginaceae,Mertensia,ciliata,MECI,forb,perennial,2,2,0,0.02
2025,8/4/25,Emerald Lake,2B,2,4,2,Post,Castilleja,R,Rosaceae,Potentilla,gracilis,POGR,forb,perennial,8,3,0,0.08
2025,8/4/25,Emerald Lake,2B,2,4,2,Post,Castilleja,R,Asteraceae,Senecio,crassulus,SECR,forb,perennial,1,3,0,0.01
2025,8/4/25,Emerald Lake,2B,2,4,2,Post,Castilleja,R,Caprifoliaceae,Valeriana,occidentalis,VAOC,forb,perennial,10,5,0,0.1
2025,8/4/25,Emerald Lake,2B,2,4,2,Post,Castilleja,R,Poaceae,Bromus,pumpellianus,BRPU,grass,perennial,3,6,0,0.03
2025,8/4/25,Emerald Lake,2B,2,4,2,Post,Castilleja,R,Poaceae,Elymus,glaucus,ELGL,grass,perennial,10,10,0,0.1
2025,8/4/25,Emerald Lake,2B,2,4,2,Post,Castilleja,R,Poaceae,Melica,spectabilis,MESP,grass,perennial,6,2,0,0.06
2025,8/6/25,Emerald Lake,3A,3,5,2,Post,Community,R,,,,bare,environmental,,15,0,0,0.15
2025,8/6/25,Emerald Lake,3A,3,5,2,Post,Community,R,,,,litter,environmental,,3,0,0,0.03
2025,8/6/25,Emerald Lake,3A,3,5,2,Post,Community,R,,,,rock,environmental,,1,0,0,0.01
2025,8/6/25,Emerald Lake,3A,3,5,2,Post,Community,R,Onagraceae,Chamaenuerion,angustifolium,CHAN,forb,perennial,9,9,0,0.09
2025,8/6/25,Emerald Lake,3A,3,5,2,Post,Community,R,Ranunculaceae,Delphinium,barbeyi,DEBA,forb,perennial,6,2,0,0.06
2025,8/6/25,Emerald Lake,3A,3,5,2,Post,Community,R,Brassicaceae ,Draba,spectabilis,DRSP,forb,perennial,0.1,1,0,0.001
2025,8/6/25,Emerald Lake,3A,3,5,2,Post,Community,R,Asteraceae,Erigeron,elatior,EREL,forb,perennial,2,2,0,0.02
2025,8/6/25,Emerald Lake,3A,3,5,2,Post,Community,R,Liliaceae,Erythronium,grandiflorum,ERGR,forb,perennial,0.2,2,0,0.002
2025,8/6/25,Emerald Lake,3A,3,5,2,Post,Community,R,Rosaceae,Fragaria,virginiana,FRVI,forb,perennial,3,5,0,0.03
2025,8/6/25,Emerald Lake,3A,3,5,2,Post,Community,R,Geraniaceae,Geranium,richardsonii,GERI,forb,perennial,2,2,0,0.02
2025,8/6/25,Emerald Lake,3A,3,5,2,Post,Community,R,Asteraceae,Helianthella,quinquenervis,HEQU,forb,perennial,4,4,0,0.04
2025,8/6/25,Emerald Lake,3A,3,5,2,Post,Community,R,Asteraceae,Hymenoxys,hoopesii,HYHO,forb,perennial,30,12,0,0.3
2025,8/6/25,Emerald Lake,3A,3,5,2,Post,Community,R,Apiaceae,Ligusticum,porteri,LIPO,forb,perennial,25,3,0,0.25
2025,8/6/25,Emerald Lake,3A,3,5,2,Post,Community,R,Boraginaceae,Mertensia,ciliata,MECI,forb,perennial,2,3,0,0.02
2025,8/6/25,Emerald Lake,3A,3,5,2,Post,Community,R,Asteraceae,Senecio,crassulus,SECR,forb,perennial,3,2,0,0.03
2025,8/6/25,Emerald Lake,3A,3,5,2,Post,Community,R,Caprifoliaceae,Valeriana,occidentalis,VAOC,forb,perennial,1,1,0,0.01
2025,8/6/25,Emerald Lake,3A,3,5,2,Post,Community,R,Poaceae,Bromus,pumpellianus,BRPU,grass,perennial,1,6,0,0.01
2025,8/6/25,Emerald Lake,3A,3,5,2,Post,Community,R,Poaceae,Elymus,glaucus,ELGL,grass,perennial,3,7,0,0.03
2025,8/6/25,Emerald Lake,3A,3,5,2,Post,Community,R,Poaceae,Melica,spectabilis,MESP,grass,perennial,10,4,0,0.1
2025,8/6/25,Emerald Lake,3A,3,5,2,Post,Community,R,Fabaceae,Lupinus,argenteus,LUAR,legume,perennial,20,3,0,0.2
2025,8/6/25,Emerald Lake,3A,3,5,2,Post,Community,R,Cyperaceae,Carex,Hoodii,CAHO,sedge,perennial,3,2,0,0.03
2025,8/6/25,Emerald Lake,3A,3,5,2,Post,Community,R,Grossulariaceae,Ribes,montigenum,RIMO,shrub,perennial,10,1,0,0.1
2025,8/6/25,Emerald Lake,3B,3,6,2,Post,Community,C,,,,bare,environmental,,25,0,0,0.25
2025,8/6/25,Emerald Lake,3B,3,6,2,Post,Community,C,,,,litter,environmental,,10,0,0,0.1
2025,8/6/25,Emerald Lake,3B,3,6,2,Post,Community,C,,,,rock,environmental,,0,0,0,0
2025,8/6/25,Emerald Lake,3B,3,6,2,Post,Community,C,Asteraceae,Agoseris,glauca,AGGL,forb,perennial,1,1,0,0.01
2025,8/6/25,Emerald Lake,3B,3,6,2,Post,Community,C,Primulaceae,Androsace,septentrionalis,ANSE,forb,annual,0.1,2,0,0.001
2025,8/6/25,Emerald Lake,3B,3,6,2,Post,Community,C,Ranunculaceae,Aquilegia,coerulea,AQCO,forb,perennial,2,12,0,0.02
2025,8/6/25,Emerald Lake,3B,3,6,2,Post,Community,C,Onagraceae,Chamaenuerion,angustifolium,CHAN,forb,perennial,1,1,0,0.01
2025,8/6/25,Emerald Lake,3B,3,6,2,Post,Community,C,Brassicaceae ,Draba,spectabilis,DRSP,forb,perennial,0.5,3,0,0.005
2025,8/6/25,Emerald Lake,3B,3,6,2,Post,Community,C,Asteraceae,Erigeron,elatior,EREL,forb,perennial,3,3,0,0.03
2025,8/6/25,Emerald Lake,3B,3,6,2,Post,Community,C,Liliaceae,Erythronium,grandiflorum,ERGR,forb,perennial,0.5,1,0,0.005
2025,8/6/25,Emerald Lake,3B,3,6,2,Post,Community,C,Asteraceae,Erigeron,speciosus,ERSP,forb,perennial,1,1,0,0.01
2025,8/6/25,Emerald Lake,3B,3,6,2,Post,Community,C,Rosaceae,Fragaria,virginiana,FRVI,forb,perennial,4,5,0,0.04
2025,8/6/25,Emerald Lake,3B,3,6,2,Post,Community,C,Geraniaceae,Geranium,richardsonii,GERI,forb,perennial,3,1,0,0.03
2025,8/6/25,Emerald Lake,3B,3,6,2,Post,Community,C,Apiaceae,Heracleum,maximum,HEMA,forb,perennial,7,2,0,0.07
2025,8/6/25,Emerald Lake,3B,3,6,2,Post,Community,C,Asteraceae,Helianthella,quinquenervis,HEQU,forb,perennial,12,5,1,0.12
2025,8/6/25,Emerald Lake,3B,3,6,2,Post,Community,C,Asteraceae,Hymenoxys,hoopesii,HYHO,forb,perennial,15,5,1,0.15
2025,8/6/25,Emerald Lake,3B,3,6,2,Post,Community,C,Apiaceae,Ligusticum,porteri,LIPO,forb,perennial,15,4,0,0.15
2025,8/6/25,Emerald Lake,3B,3,6,2,Post,Community,C,Boraginaceae,Mertensia,ciliata,MECI,forb,perennial,1,1,0,0.01
2025,8/6/25,Emerald Lake,3B,3,6,2,Post,Community,C,Rosaceae,Potentilla,gracilis,POGR,forb,perennial,1,1,0,0.01
2025,8/6/25,Emerald Lake,3B,3,6,2,Post,Community,C,Asteraceae,Senecio,crassulus,SECR,forb,perennial,7,5,1,0.07
2025,8/6/25,Emerald Lake,3B,3,6,2,Post,Community,C,Caprifoliaceae,Valeriana,occidentalis,VAOC,forb,perennial,5,8,0,0.05
2025,8/6/25,Emerald Lake,3B,3,6,2,Post,Community,C,Poaceae,Bromus,pumpellianus,BRPU,grass,perennial,2,15,0,0.02
2025,8/6/25,Emerald Lake,3B,3,6,2,Post,Community,C,Poaceae,Elymus,glaucus,ELGL,grass,perennial,5,7,1,0.05
2025,8/6/25,Emerald Lake,3B,3,6,2,Post,Community,C,Poaceae,Melica,spectabilis,MESP,grass,perennial,2,3,0,0.02
2025,8/6/25,Emerald Lake,3B,3,6,2,Post,Community,C,Poaceae,Poa,stenantha,POST,grass,perennial,7,1,0,0.07
2025,8/6/25,Emerald Lake,3B,3,6,2,Post,Community,C,Orobanchaceae,Castilleja,septentrionalis,CASE,hemiparasite,perennial,7,1,0,0.07
2025,8/6/25,Emerald Lake,3B,3,6,2,Post,Community,C,Fabaceae,Lupinus,argenteus,LUAR,legume,perennial,2,1,0,0.02
2025,8/6/25,Emerald Lake,3B,3,6,2,Post,Community,C,Cyperaceae,Carex,Hoodii,CAHO,sedge,perennial,1,2,1,0.01
2025,8/6/25,Emerald Lake,3B,3,6,2,Post,Community,C,Grossulariaceae,Ribes,montigenum,RIMO,shrub,perennial,30,2,1,0.3
2025,8/6/25,Emerald Lake,4A,4,7,2,Post,Mixed,R,,,,bare,environmental,,40,0,0,0.4
2025,8/6/25,Emerald Lake,4A,4,7,2,Post,Mixed,R,,,,litter,environmental,,2,0,0,0.02
2025,8/6/25,Emerald Lake,4A,4,7,2,Post,Mixed,R,,,,rock,environmental,,0,0,0,0
2025,8/6/25,Emerald Lake,4A,4,7,2,Post,Mixed,R,Brassicaceae,Descurainia,sophia,DESO,forb,perennial,0.1,1,0,0.001
2025,8/6/25,Emerald Lake,4A,4,7,2,Post,Mixed,R,Asteraceae,Erigeron,elatior,EREL,forb,perennial,3,1,0,0.03
2025,8/6/25,Emerald Lake,4A,4,7,2,Post,Mixed,R,Asteraceae,Erigeron,speciosus,ERSP,forb,perennial,4,2,0,0.04
2025,8/6/25,Emerald Lake,4A,4,7,2,Post,Mixed,R,Geraniaceae,Geranium,richardsonii,GERI,forb,perennial,1,1,0,0.01
2025,8/6/25,Emerald Lake,4A,4,7,2,Post,Mixed,R,Asteraceae,Helianthella,quinquenervis,HEQU,forb,perennial,25,7,0,0.25
2025,8/6/25,Emerald Lake,4A,4,7,2,Post,Mixed,R,Asteraceae,Hymenoxys,hoopesii,HYHO,forb,perennial,10,5,0,0.1
2025,8/6/25,Emerald Lake,4A,4,7,2,Post,Mixed,R,Apiaceae,Ligusticum,porteri,LIPO,forb,perennial,35,3,0,0.35
2025,8/6/25,Emerald Lake,4A,4,7,2,Post,Mixed,R,Boraginaceae,Mertensia,ciliata,MECI,forb,perennial,3,4,0,0.03
2025,8/6/25,Emerald Lake,4A,4,7,2,Post,Mixed,R,Rosaceae,Potentilla,gracilis,POGR,forb,perennial,5,4,0,0.05
2025,8/6/25,Emerald Lake,4A,4,7,2,Post,Mixed,R,Asteraceae,Senecio,crassulus,SECR,forb,perennial,5,4,0,0.05
2025,8/6/25,Emerald Lake,4A,4,7,2,Post,Mixed,R,Caprifoliaceae,Valeriana,occidentalis,VAOC,forb,perennial,3,5,0,0.03
2025,8/6/25,Emerald Lake,4A,4,7,2,Post,Mixed,R,Poaceae,Bromus,pumpellianus,BRPU,grass,perennial,0.5,3,0,0.005
2025,8/6/25,Emerald Lake,4A,4,7,2,Post,Mixed,R,Poaceae,Elymus,glaucus,ELGL,grass,perennial,1,5,0,0.01
2025,8/6/25,Emerald Lake,4A,4,7,2,Post,Mixed,R,Poaceae,Melica,spectabilis,MESP,grass,perennial,10,6,0,0.1
2025,8/6/25,Emerald Lake,4B,4,8,2,Post,Mixed,C,,,,bare,environmental,,10,0,0,0.1
2025,8/6/25,Emerald Lake,4B,4,8,2,Post,Mixed,C,,,,litter,environmental,,3,0,0,0.03
2025,8/6/25,Emerald Lake,4B,4,8,2,Post,Mixed,C,,,,rock,environmental,,1,0,0,0.01
2025,8/6/25,Emerald Lake,4B,4,8,2,Post,Mixed,C,Primulaceae,Androsace,septentrionalis,ANSE,forb,annual,0.5,1,0,0.005
2025,8/6/25,Emerald Lake,4B,4,8,2,Post,Mixed,C,Ranunculaceae,Aquilegia,coerulea,AQCO,forb,perennial,1,1,0,0.01
2025,8/6/25,Emerald Lake,4B,4,8,2,Post,Mixed,C,Onagraceae,Chamaenuerion,angustifolium,CHAN,forb,perennial,1,1,0,0.01
2025,8/6/25,Emerald Lake,4B,4,8,2,Post,Mixed,C,Asteraceae,Erigeron,elatior,EREL,forb,perennial,2,2,1,0.02
2025,8/6/25,Emerald Lake,4B,4,8,2,Post,Mixed,C,Asteraceae,Erigeron,speciosus,ERSP,forb,perennial,1,1,1,0.01
2025,8/6/25,Emerald Lake,4B,4,8,2,Post,Mixed,C,Rosaceae,Fragaria,virginiana,FRVI,forb,perennial,10,5,1,0.1
2025,8/6/25,Emerald Lake,4B,4,8,2,Post,Mixed,C,Geraniaceae,Geranium,richardsonii,GERI,forb,perennial,1,1,0,0.01
2025,8/6/25,Emerald Lake,4B,4,8,2,Post,Mixed,C,Apiaceae,Heracleum,maximum,HEMA,forb,perennial,8,1,0,0.08
2025,8/6/25,Emerald Lake,4B,4,8,2,Post,Mixed,C,Asteraceae,Helianthella,quinquenervis,HEQU,forb,perennial,15,5,1,0.15
2025,8/6/25,Emerald Lake,4B,4,8,2,Post,Mixed,C,Asteraceae,Hymenoxys,hoopesii,HYHO,forb,perennial,4,2,1,0.04
2025,8/6/25,Emerald Lake,4B,4,8,2,Post,Mixed,C,Apiaceae,Ligusticum,porteri,LIPO,forb,perennial,20,2,1,0.2
2025,8/6/25,Emerald Lake,4B,4,8,2,Post,Mixed,C,Boraginaceae,Mertensia,ciliata,MECI,forb,perennial,2,1,1,0.02
2025,8/6/25,Emerald Lake,4B,4,8,2,Post,Mixed,C,Rosaceae,Potentilla,gracilis,POGR,forb,perennial,5,2,1,0.05
2025,8/6/25,Emerald Lake,4B,4,8,2,Post,Mixed,C,Asteraceae,Senecio,crassulus,SECR,forb,perennial,3,2,0,0.03
2025,8/6/25,Emerald Lake,4B,4,8,2,Post,Mixed,C,Asteraceae,Taraxicum,officinale,TAOF,forb,perennial,1,1,0,0.01
2025,8/6/25,Emerald Lake,4B,4,8,2,Post,Mixed,C,Thalictraceae,Thalictrum,fendleri,THFE,forb,perennial,15,2,1,0.15
2025,8/6/25,Emerald Lake,4B,4,8,2,Post,Mixed,C,Caprifoliaceae,Valeriana,occidentalis,VAOC,forb,perennial,1,1,0,0.01
2025,8/6/25,Emerald Lake,4B,4,8,2,Post,Mixed,C,Poaceae,Bromus,pumpellianus,BRPU,grass,perennial,1,5,0,0.01
2025,8/6/25,Emerald Lake,4B,4,8,2,Post,Mixed,C,Poaceae,Elymus,glaucus,ELGL,grass,perennial,5,12,1,0.05
2025,8/6/25,Emerald Lake,4B,4,8,2,Post,Mixed,C,Poaceae,Melica,spectabilis,MESP,grass,perennial,4,2,1,0.04
2025,8/6/25,Emerald Lake,4B,4,8,2,Post,Mixed,C,Orobanchaceae,Castilleja,septentrionalis,CASE,hemiparasite,perennial,8,5,0,0.08
2025,8/6/25,Emerald Lake,4B,4,8,2,Post,Mixed,C,Fabaceae,Lupinus,argenteus,LUAR,legume,perennial,1,1,0,0.01
2025,8/6/25,Emerald Lake,4B,4,8,2,Post,Mixed,C,Grossulariaceae,Ribes,montigenum,RIMO,shrub,perennial,40,2,1,0.4
2025,8/3/25,Emerald Lake,5A,5,9,3,Post,Mixed,C,,,,bare,environmental,,10,0,0,0.1
2025,8/3/25,Emerald Lake,5A,5,9,3,Post,Mixed,C,,,,litter,environmental,,10,0,0,0.1
2025,8/3/25,Emerald Lake,5A,5,9,3,Post,Mixed,C,,,,rock,environmental,,0,0,0,0
2025,8/3/25,Emerald Lake,5A,5,9,3,Post,Mixed,C,Primulaceae,Androsace,septentrionalis,ANSE,forb,annual,1,3,0,0.01
2025,8/3/25,Emerald Lake,5A,5,9,3,Post,Mixed,C,Brassicaceae,Barbarea,vulgaris,BAVU,forb,biennial,0.8,3,0,0.008
2025,8/3/25,Emerald Lake,5A,5,9,3,Post,Mixed,C,Onagraceae,Chamaenuerion,angustifolium,CHAN,forb,perennial,15,8,1,0.15
2025,8/3/25,Emerald Lake,5A,5,9,3,Post,Mixed,C,Ranunculaceae,Delphinium,barbeyi,DEBA,forb,perennial,1,2,0,0.01
2025,8/3/25,Emerald Lake,5A,5,9,3,Post,Mixed,C,Asteraceae,Erigeron,elatior,EREL,forb,perennial,15,4,1,0.15
2025,8/3/25,Emerald Lake,5A,5,9,3,Post,Mixed,C,Apiaceae,Heracleum,maximum,HEMA,forb,perennial,25,2,0,0.25
2025,8/3/25,Emerald Lake,5A,5,9,3,Post,Mixed,C,Asteraceae,Hymenoxys,hoopesii,HYHO,forb,perennial,5,1,0,0.05
2025,8/3/25,Emerald Lake,5A,5,9,3,Post,Mixed,C,Apiaceae,Ligusticum,porteri,LIPO,forb,perennial,6,3,0,0.06
2025,8/3/25,Emerald Lake,5A,5,9,3,Post,Mixed,C,Boraginaceae,Mertensia,ciliata,MECI,forb,perennial,5,6,0,0.05
2025,8/3/25,Emerald Lake,5A,5,9,3,Post,Mixed,C,Rosaceae,Potentilla,gracilis,POGR,forb,perennial,0.5,1,0,0.005
2025,8/3/25,Emerald Lake,5A,5,9,3,Post,Mixed,C,Polygonaceae,Rumex,salicifolius,RUSA,forb,perennial,5,3,0,0.05
2025,8/3/25,Emerald Lake,5A,5,9,3,Post,Mixed,C,Asteraceae,Senecio,crassulus,SECR,forb,perennial,2,2,0,0.02
2025,8/3/25,Emerald Lake,5A,5,9,3,Post,Mixed,C,Caprifoliaceae,Valeriana,occidentalis,VAOC,forb,perennial,3,12,0,0.03
2025,8/3/25,Emerald Lake,5A,5,9,3,Post,Mixed,C,Poaceae,Elymus,glaucus,ELGL,grass,perennial,10,8,0,0.1
2025,8/3/25,Emerald Lake,5A,5,9,3,Post,Mixed,C,Poaceae,Melica,spectabilis,MESP,grass,perennial,5,3,1,0.05
2025,8/3/25,Emerald Lake,5A,5,9,3,Post,Mixed,C,Orobanchaceae,Castilleja,septentrionalis,CASE,hemiparasite,perennial,3,3,0,0.03
2025,8/3/25,Emerald Lake,5A,5,9,3,Post,Mixed,C,Fabaceae,Lupinus,argenteus,LUAR,legume,perennial,8,2,0,0.08
2025,8/3/25,Emerald Lake,5A,5,9,3,Post,Mixed,C,Cyperaceae,Carex,Hoodii,CAHO,sedge,perennial,1,3,1,0.01
2025,8/3/25,Emerald Lake,5B,5,10,3,Post,Mixed,R,,,,bare,environmental,,55,0,0,0.55
2025,8/3/25,Emerald Lake,5B,5,10,3,Post,Mixed,R,,,,litter,environmental,,3,0,0,0.03
2025,8/3/25,Emerald Lake,5B,5,10,3,Post,Mixed,R,,,,rock,environmental,,0,0,0,0
2025,8/3/25,Emerald Lake,5B,5,10,3,Post,Mixed,R,Brassicaceae,Barbarea,vulgaris,BAVU,forb,biennial,0.1,3,0,0.001
2025,8/3/25,Emerald Lake,5B,5,10,3,Post,Mixed,R,Onagraceae,Chamaenuerion,angustifolium,CHAN,forb,perennial,6,5,0,0.06
2025,8/3/25,Emerald Lake,5B,5,10,3,Post,Mixed,R,Ranunculaceae,Delphinium,barbeyi,DEBA,forb,perennial,7,3,0,0.07
2025,8/3/25,Emerald Lake,5B,5,10,3,Post,Mixed,R,Brassicaceae,Descurainia,sophia,DESO,forb,perennial,0.5,5,0,0.005
2025,8/3/25,Emerald Lake,5B,5,10,3,Post,Mixed,R,Asteraceae,Erigeron,coulteri,ERCO,forb,perennial,4,2,0,0.04
2025,8/3/25,Emerald Lake,5B,5,10,3,Post,Mixed,R,Apiaceae,Heracleum,maximum,HEMA,forb,perennial,3,1,0,0.03
2025,8/3/25,Emerald Lake,5B,5,10,3,Post,Mixed,R,Polygonaceae,Rumex,salicifolius,RUSA,forb,perennial,5,3,0,0.05
2025,8/3/25,Emerald Lake,5B,5,10,3,Post,Mixed,R,Asteraceae,Senecio,crassulus,SECR,forb,perennial,2,2,0,0.02
2025,8/3/25,Emerald Lake,5B,5,10,3,Post,Mixed,R,Poaceae,Elymus,glaucus,ELGL,grass,perennial,12,15,0,0.12
2025,8/3/25,Emerald Lake,5B,5,10,3,Post,Mixed,R,Poaceae,Melica,spectabilis,MESP,grass,perennial,10,5,0,0.1
2025,8/3/25,Emerald Lake,5B,5,10,3,Post,Mixed,R,Fabaceae,Lupinus,argenteus,LUAR,legume,perennial,2,1,0,0.02
2025,8/6/25,Emerald Lake,6A,6,11,3,Post,Community,R,,,,bare,environmental,,35,0,0,0.35
2025,8/6/25,Emerald Lake,6A,6,11,3,Post,Community,R,,,,litter,environmental,,5,0,0,0.05
2025,8/6/25,Emerald Lake,6A,6,11,3,Post,Community,R,,,,rock,environmental,,1,0,0,0.01
2025,8/6/25,Emerald Lake,6A,6,11,3,Post,Community,R,Ranunculaceae,Aquilegia,coerulea,AQCO,forb,perennial,6,3,0,0.06
2025,8/6/25,Emerald Lake,6A,6,11,3,Post,Community,R,Brassicaceae,Descurainia,sophia,DESO,forb,perennial,0.1,1,0,0.001
2025,8/6/25,Emerald Lake,6A,6,11,3,Post,Community,R,Rosaceae,Fragaria,virginiana,FRVI,forb,perennial,1,3,0,0.01
2025,8/6/25,Emerald Lake,6A,6,11,3,Post,Community,R,Apiaceae,Heracleum,maximum,HEMA,forb,perennial,2,1,0,0.02
2025,8/6/25,Emerald Lake,6A,6,11,3,Post,Community,R,Asteraceae,Helianthella,quinquenervis,HEQU,forb,perennial,10,3,0,0.1
2025,8/6/25,Emerald Lake,6A,6,11,3,Post,Community,R,Apiaceae,Ligusticum,porteri,LIPO,forb,perennial,6,1,0,0.06
2025,8/6/25,Emerald Lake,6A,6,11,3,Post,Community,R,Boraginaceae,Mertensia,ciliata,MECI,forb,perennial,0.5,1,0,0.005
2025,8/6/25,Emerald Lake,6A,6,11,3,Post,Community,R,Asteraceae,Senecio,crassulus,SECR,forb,perennial,2,2,0,0.02
2025,8/6/25,Emerald Lake,6A,6,11,3,Post,Community,R,Caprifoliaceae,Valeriana,occidentalis,VAOC,forb,perennial,15,8,0,0.15
2025,8/6/25,Emerald Lake,6A,6,11,3,Post,Community,R,Poaceae,Bromus,pumpellianus,BRPU,grass,perennial,2,1,0,0.02
2025,8/6/25,Emerald Lake,6A,6,11,3,Post,Community,R,Poaceae,Calamagrostis,canadensis,CACA,grass,perennial,2,4,0,0.02
2025,8/6/25,Emerald Lake,6A,6,11,3,Post,Community,R,Poaceae,Elymus,glaucus,ELGL,grass,perennial,10,8,0,0.1
2025,8/6/25,Emerald Lake,6A,6,11,3,Post,Community,R,Poaceae,Melica,spectabilis,MESP,grass,perennial,6,5,0,0.06
2025,8/6/25,Emerald Lake,6A,6,11,3,Post,Community,R,Grossulariaceae,Ribes,montigenum,RIMO,shrub,perennial,30,2,0,0.3
2025,8/6/25,Emerald Lake,6B,6,12,3,Post,Community,C,,,,bare,environmental,,30,0,0,0.3
2025,8/6/25,Emerald Lake,6B,6,12,3,Post,Community,C,,,,litter,environmental,,1,0,0,0.01
2025,8/6/25,Emerald Lake,6B,6,12,3,Post,Community,C,,,,rock,environmental,,1,0,0,0.01
2025,8/6/25,Emerald Lake,6B,6,12,3,Post,Community,C,Ranunculaceae,Aquilegia,coerulea,AQCO,forb,perennial,3,1,0,0.03
2025,8/6/25,Emerald Lake,6B,6,12,3,Post,Community,C,Onagraceae,Chamaenuerion,angustifolium,CHAN,forb,perennial,4,4,1,0.04
2025,8/6/25,Emerald Lake,6B,6,12,3,Post,Community,C,Asteraceae,Erigeron,coulteri,ERCO,forb,perennial,0.5,1,0,0.005
2025,8/6/25,Emerald Lake,6B,6,12,3,Post,Community,C,Rosaceae,Fragaria,virginiana,FRVI,forb,perennial,4,2,1,0.04
2025,8/6/25,Emerald Lake,6B,6,12,3,Post,Community,C,Geraniaceae,Geranium,richardsonii,GERI,forb,perennial,1,1,0,0.01
2025,8/6/25,Emerald Lake,6B,6,12,3,Post,Community,C,Apiaceae,Heracleum,maximum,HEMA,forb,perennial,3,1,0,0.03
2025,8/6/25,Emerald Lake,6B,6,12,3,Post,Community,C,Asteraceae,Helianthella,quinquenervis,HEQU,forb,perennial,20,5,0,0.2
2025,8/6/25,Emerald Lake,6B,6,12,3,Post,Community,C,Boraginaceae,Hydrophyllum,capitatum,HYCA,forb,perennial,1,1,0,0.01
2025,8/6/25,Emerald Lake,6B,6,12,3,Post,Community,C,Asteraceae,Hymenoxys,hoopesii,HYHO,forb,perennial,10,4,0,0.1
2025,8/6/25,Emerald Lake,6B,6,12,3,Post,Community,C,Apiaceae,Ligusticum,porteri,LIPO,forb,perennial,4,1,1,0.04
2025,8/6/25,Emerald Lake,6B,6,12,3,Post,Community,C,Boraginaceae,Mertensia,ciliata,MECI,forb,perennial,1,3,0,0.01
2025,8/6/25,Emerald Lake,6B,6,12,3,Post,Community,C,Rosaceae,Potentilla,gracilis,POGR,forb,perennial,1,1,0,0.01
2025,8/6/25,Emerald Lake,6B,6,12,3,Post,Community,C,Asteraceae,Senecio,crassulus,SECR,forb,perennial,10,6,1,0.1
2025,8/6/25,Emerald Lake,6B,6,12,3,Post,Community,C,Asteraceae,Taraxicum,officinale,TAOF,forb,perennial,2,1,1,0.02
2025,8/6/25,Emerald Lake,6B,6,12,3,Post,Community,C,Caprifoliaceae,Valeriana,occidentalis,VAOC,forb,perennial,2,5,0,0.02
2025,8/6/25,Emerald Lake,6B,6,12,3,Post,Community,C,Poaceae,Bromus,pumpellianus,BRPU,grass,perennial,0.1,1,0,0.001
2025,8/6/25,Emerald Lake,6B,6,12,3,Post,Community,C,Poaceae,Elymus,glaucus,ELGL,grass,perennial,2,11,1,0.02
2025,8/6/25,Emerald Lake,6B,6,12,3,Post,Community,C,Poaceae,Melica,spectabilis,MESP,grass,perennial,6,8,0,0.06
2025,8/6/25,Emerald Lake,6B,6,12,3,Post,Community,C,Poaceae,Trisetum,spicatum,TRSP,grass,perennial,6,1,0,0.06
2025,8/6/25,Emerald Lake,6B,6,12,3,Post,Community,C,Orobanchaceae,Castilleja,septentrionalis,CASE,hemiparasite,perennial,10,4,0,0.1
2025,8/6/25,Emerald Lake,6B,6,12,3,Post,Community,C,Fabaceae,Lupinus,argenteus,LUAR,legume,perennial,6,2,1,0.06
2025,8/6/25,Emerald Lake,6B,6,12,3,Post,Community,C,Grossulariaceae,Ribes,montigenum,RIMO,shrub,perennial,25,1,1,0.25
2025,8/6/25,Emerald Lake,7A,7,13,4,Post,Castilleja,C,,,,bare,environmental,,60,0,0,0.6
2025,8/6/25,Emerald Lake,7A,7,13,4,Post,Castilleja,C,,,,litter,environmental,,1,0,0,0.01
2025,8/6/25,Emerald Lake,7A,7,13,4,Post,Castilleja,C,,,,rock,environmental,,3,0,0,0.03
2025,8/6/25,Emerald Lake,7A,7,13,4,Post,Castilleja,C,Asteraceae,Agoseris,glauca,AGGL,forb,perennial,1,1,0,0.01
2025,8/6/25,Emerald Lake,7A,7,13,4,Post,Castilleja,C,Brassicaceae,Barbarea,vulgaris,BAVU,forb,biennial,0.5,3,0,0.005
2025,8/6/25,Emerald Lake,7A,7,13,4,Post,Castilleja,C,Asteraceae,Erigeron,elatior,EREL,forb,perennial,1,1,1,0.01
2025,8/6/25,Emerald Lake,7A,7,13,4,Post,Castilleja,C,Apiaceae,Heracleum,maximum,HEMA,forb,perennial,5,3,0,0.05
2025,8/6/25,Emerald Lake,7A,7,13,4,Post,Castilleja,C,Asteraceae,Helianthella,quinquenervis,HEQU,forb,perennial,10,3,0,0.1
2025,8/6/25,Emerald Lake,7A,7,13,4,Post,Castilleja,C,Asteraceae,Hymenoxys,hoopesii,HYHO,forb,perennial,7,6,0,0.07
2025,8/6/25,Emerald Lake,7A,7,13,4,Post,Castilleja,C,Rosaceae,Potentilla,gracilis,POGR,forb,perennial,5,3,0,0.05
2025,8/6/25,Emerald Lake,7A,7,13,4,Post,Castilleja,C,Asteraceae,Senecio,crassulus,SECR,forb,perennial,5,5,1,0.05
2025,8/6/25,Emerald Lake,7A,7,13,4,Post,Castilleja,C,Poaceae,Bromus,pumpellianus,BRPU,grass,perennial,0.5,1,0,0.005
2025,8/6/25,Emerald Lake,7A,7,13,4,Post,Castilleja,C,Poaceae,Elymus,glaucus,ELGL,grass,perennial,2,4,1,0.02
2025,8/6/25,Emerald Lake,7A,7,13,4,Post,Castilleja,C,Poaceae,Melica,spectabilis,MESP,grass,perennial,7,4,0,0.07
2025,8/6/25,Emerald Lake,7A,7,13,4,Post,Castilleja,C,Orobanchaceae,Castilleja,septentrionalis,CASE,hemiparasite,perennial,2,3,0,0.02
2025,8/6/25,Emerald Lake,7A,7,13,4,Post,Castilleja,C,Fabaceae,Lupinus,argenteus,LUAR,legume,perennial,10,5,1,0.1
2025,8/6/25,Emerald Lake,7B,7,14,4,Post,Castilleja,R,,,,bare,environmental,,40,0,0,0.4
2025,8/6/25,Emerald Lake,7B,7,14,4,Post,Castilleja,R,,,,litter,environmental,,1,0,0,0.01
2025,8/6/25,Emerald Lake,7B,7,14,4,Post,Castilleja,R,,,,rock,environmental,,2,0,0,0.02
2025,8/6/25,Emerald Lake,7B,7,14,4,Post,Castilleja,R,Onagraceae,Chamaenuerion,angustifolium,CHAN,forb,perennial,4,6,0,0.04
2025,8/6/25,Emerald Lake,7B,7,14,4,Post,Castilleja,R,Brassicaceae ,Draba,spectabilis,DRSP,forb,perennial,1,1,0,0.01
2025,8/6/25,Emerald Lake,7B,7,14,4,Post,Castilleja,R,Asteraceae,Erigeron,elatior,EREL,forb,perennial,0.5,1,0,0.005
2025,8/6/25,Emerald Lake,7B,7,14,4,Post,Castilleja,R,Rosaceae,Fragaria,virginiana,FRVI,forb,perennial,2,3,0,0.02
2025,8/6/25,Emerald Lake,7B,7,14,4,Post,Castilleja,R,Geraniaceae,Geranium,richardsonii,GERI,forb,perennial,0.5,1,0,0.005
2025,8/6/25,Emerald Lake,7B,7,14,4,Post,Castilleja,R,Asteraceae,Helianthella,quinquenervis,HEQU,forb,perennial,25,5,0,0.25
2025,8/6/25,Emerald Lake,7B,7,14,4,Post,Castilleja,R,Apiaceae,Ligusticum,porteri,LIPO,forb,perennial,3,1,0,0.03
2025,8/6/25,Emerald Lake,7B,7,14,4,Post,Castilleja,R,Rosaceae,Potentilla,gracilis,POGR,forb,perennial,2,1,0,0.02
2025,8/6/25,Emerald Lake,7B,7,14,4,Post,Castilleja,R,Asteraceae,Senecio,crassulus,SECR,forb,perennial,2,1,0,0.02
2025,8/6/25,Emerald Lake,7B,7,14,4,Post,Castilleja,R,Caprifoliaceae,Valeriana,occidentalis,VAOC,forb,perennial,1,1,0,0.01
2025,8/6/25,Emerald Lake,7B,7,14,4,Post,Castilleja,R,Poaceae,Bromus,pumpellianus,BRPU,grass,perennial,0.5,1,0,0.005
2025,8/6/25,Emerald Lake,7B,7,14,4,Post,Castilleja,R,Poaceae,Elymus,glaucus,ELGL,grass,perennial,3,9,0,0.03
2025,8/6/25,Emerald Lake,7B,7,14,4,Post,Castilleja,R,Poaceae,Melica,spectabilis,MESP,grass,perennial,8,4,0,0.08
2025,8/6/25,Emerald Lake,8A,8,15,4,Post,Control,C,,,,bare,environmental,,55,0,0,0.55
2025,8/6/25,Emerald Lake,8A,8,15,4,Post,Control,C,,,,litter,environmental,,1,0,0,0.01
2025,8/6/25,Emerald Lake,8A,8,15,4,Post,Control,C,,,,rock,environmental,,2,0,0,0.02
2025,8/6/25,Emerald Lake,8A,8,15,4,Post,Control,C,Asteraceae,Agoseris,glauca,AGGL,forb,perennial,2,5,0,0.02
2025,8/6/25,Emerald Lake,8A,8,15,4,Post,Control,C,Primulaceae,Androsace,septentrionalis,ANSE,forb,annual,0.5,1,0,0.005
2025,8/6/25,Emerald Lake,8A,8,15,4,Post,Control,C,Onagraceae,Chamaenuerion,angustifolium,CHAN,forb,perennial,5,7,0,0.05
2025,8/6/25,Emerald Lake,8A,8,15,4,Post,Control,C,Brassicaceae ,Draba,spectabilis,DRSP,forb,perennial,0.1,1,0,0.001
2025,8/6/25,Emerald Lake,8A,8,15,4,Post,Control,C,Asteraceae,Erigeron,elatior,EREL,forb,perennial,1,1,1,0.01
2025,8/6/25,Emerald Lake,8A,8,15,4,Post,Control,C,Rosaceae,Fragaria,virginiana,FRVI,forb,perennial,1,2,0,0.01
2025,8/6/25,Emerald Lake,8A,8,15,4,Post,Control,C,Asteraceae,Helianthella,quinquenervis,HEQU,forb,perennial,10,5,1,0.1
2025,8/6/25,Emerald Lake,8A,8,15,4,Post,Control,C,Asteraceae,Hymenoxys,hoopesii,HYHO,forb,perennial,2,1,0,0.02
2025,8/6/25,Emerald Lake,8A,8,15,4,Post,Control,C,Apiaceae,Ligusticum,porteri,LIPO,forb,perennial,3,1,0,0.03
2025,8/6/25,Emerald Lake,8A,8,15,4,Post,Control,C,Rosaceae,Potentilla,gracilis,POGR,forb,perennial,5,3,1,0.05
2025,8/6/25,Emerald Lake,8A,8,15,4,Post,Control,C,Asteraceae,Senecio,crassulus,SECR,forb,perennial,10,9,1,0.1
2025,8/6/25,Emerald Lake,8A,8,15,4,Post,Control,C,Poaceae,Elymus,glaucus,ELGL,grass,perennial,4,8,1,0.04
2025,8/6/25,Emerald Lake,8A,8,15,4,Post,Control,C,Poaceae,Melica,spectabilis,MESP,grass,perennial,2,2,0,0.02
2025,8/6/25,Emerald Lake,8A,8,15,4,Post,Control,C,Poaceae,Phleum,alpinum,PHAL,grass,perennial,1,1,0,0.01
2025,8/6/25,Emerald Lake,8A,8,15,4,Post,Control,C,Orobanchaceae,Castilleja,septentrionalis,CASE,hemiparasite,perennial,2,1,0,0.02
2025,8/6/25,Emerald Lake,8A,8,15,4,Post,Control,C,Fabaceae,Lupinus,argenteus,LUAR,legume,perennial,25,6,0,0.25
2025,8/6/25,Emerald Lake,8B,8,16,4,Post,Control,R,,,,bare,environmental,,50,0,0,0.5
2025,8/6/25,Emerald Lake,8B,8,16,4,Post,Control,R,,,,litter,environmental,,1,0,0,0.01
2025,8/6/25,Emerald Lake,8B,8,16,4,Post,Control,R,,,,rock,environmental,,3,0,0,0.03
2025,8/6/25,Emerald Lake,8B,8,16,4,Post,Control,R,Asteraceae,Agoseris,glauca,AGGL,forb,perennial,0.5,2,0,0.005
2025,8/6/25,Emerald Lake,8B,8,16,4,Post,Control,R,Onagraceae,Chamaenuerion,angustifolium,CHAN,forb,perennial,15,10,0,0.15
2025,8/6/25,Emerald Lake,8B,8,16,4,Post,Control,R,Asteraceae,Erigeron,elatior,EREL,forb,perennial,2,2,0,0.02
2025,8/6/25,Emerald Lake,8B,8,16,4,Post,Control,R,Liliaceae,Erythronium,grandiflorum,ERGR,forb,perennial,0.1,2,0,0.001
2025,8/6/25,Emerald Lake,8B,8,16,4,Post,Control,R,Geraniaceae,Geranium,richardsonii,GERI,forb,perennial,1,1,0,0.01
2025,8/6/25,Emerald Lake,8B,8,16,4,Post,Control,R,Asteraceae,Helianthella,quinquenervis,HEQU,forb,perennial,20,3,0,0.2
2025,8/6/25,Emerald Lake,8B,8,16,4,Post,Control,R,Asteraceae,Hymenoxys,hoopesii,HYHO,forb,perennial,1,1,0,0.01
2025,8/6/25,Emerald Lake,8B,8,16,4,Post,Control,R,Rosaceae,Potentilla,gracilis,POGR,forb,perennial,4,1,0,0.04
2025,8/6/25,Emerald Lake,8B,8,16,4,Post,Control,R,Asteraceae,Senecio,crassulus,SECR,forb,perennial,9,6,0,0.09
2025,8/6/25,Emerald Lake,8B,8,16,4,Post,Control,R,Caprifoliaceae,Valeriana,occidentalis,VAOC,forb,perennial,0.5,1,0,0.005
2025,8/6/25,Emerald Lake,8B,8,16,4,Post,Control,R,Poaceae,Elymus,glaucus,ELGL,grass,perennial,20,8,0,0.2
2025,8/6/25,Emerald Lake,8B,8,16,4,Post,Control,R,Poaceae,Melica,spectabilis,MESP,grass,perennial,4,3,0,0.04
2025,8/6/25,Emerald Lake,9A,9,17,5,Post,Mixed,C,,,,bare,environmental,,50,0,0,0.5
2025,8/6/25,Emerald Lake,9A,9,17,5,Post,Mixed,C,,,,litter,environmental,,3,0,0,0.03
2025,8/6/25,Emerald Lake,9A,9,17,5,Post,Mixed,C,,,,rock,environmental,,2,0,0,0.02
2025,8/6/25,Emerald Lake,9A,9,17,5,Post,Mixed,C,Primulaceae,Androsace,septentrionalis,ANSE,forb,annual,0.1,1,0,0.001
2025,8/6/25,Emerald Lake,9A,9,17,5,Post,Mixed,C,Brassicaceae,Barbarea,vulgaris,BAVU,forb,biennial,1,6,1,0.01
2025,8/6/25,Emerald Lake,9A,9,17,5,Post,Mixed,C,Onagraceae,Chamaenuerion,angustifolium,CHAN,forb,perennial,15,10,1,0.15
2025,8/6/25,Emerald Lake,9A,9,17,5,Post,Mixed,C,Ranunculaceae,Delphinium,barbeyi,DEBA,forb,perennial,6,1,0,0.06
2025,8/6/25,Emerald Lake,9A,9,17,5,Post,Mixed,C,Asteraceae,Erigeron,elatior,EREL,forb,perennial,1.5,1,0,0.015
2025,8/6/25,Emerald Lake,9A,9,17,5,Post,Mixed,C,Rosaceae,Fragaria,virginiana,FRVI,forb,perennial,2,7,0,0.02
2025,8/6/25,Emerald Lake,9A,9,17,5,Post,Mixed,C,Geraniaceae,Geranium,richardsonii,GERI,forb,perennial,0.5,1,0,0.005
2025,8/6/25,Emerald Lake,9A,9,17,5,Post,Mixed,C,Asteraceae,Helianthella,quinquenervis,HEQU,forb,perennial,2,1,0,0.02
2025,8/6/25,Emerald Lake,9A,9,17,5,Post,Mixed,C,Boraginaceae,Hydrophyllum,capitatum,HYCA,forb,perennial,1,1,0,0.01
2025,8/6/25,Emerald Lake,9A,9,17,5,Post,Mixed,C,Asteraceae,Hymenoxys,hoopesii,HYHO,forb,perennial,15,7,1,0.15
2025,8/6/25,Emerald Lake,9A,9,17,5,Post,Mixed,C,Apiaceae,Ligusticum,porteri,LIPO,forb,perennial,15,3,0,0.15
2025,8/6/25,Emerald Lake,9A,9,17,5,Post,Mixed,C,Asteraceae,Senecio,crassulus,SECR,forb,perennial,1,1,0,0.01
2025,8/6/25,Emerald Lake,9A,9,17,5,Post,Mixed,C,Violaceae,Viola,nuttallii,VINU,forb,perennial,1,5,0,0.01
2025,8/6/25,Emerald Lake,9A,9,17,5,Post,Mixed,C,Poaceae,Elymus,glaucus,ELGL,grass,perennial,4,8,1,0.04
2025,8/6/25,Emerald Lake,9A,9,17,5,Post,Mixed,C,Poaceae,Melica,spectabilis,MESP,grass,perennial,2,6,1,0.02
2025,8/6/25,Emerald Lake,9A,9,17,5,Post,Mixed,C,Orobanchaceae,Castilleja,septentrionalis,CASE,hemiparasite,perennial,12,3,0,0.12
2025,8/6/25,Emerald Lake,9A,9,17,5,Post,Mixed,C,Fabaceae,Lupinus,argenteus,LUAR,legume,perennial,10,4,1,0.1
2025,8/6/25,Emerald Lake,9B,9,18,5,Post,Mixed,R,,,,bare,environmental,,50,0,0,0.5
2025,8/6/25,Emerald Lake,9B,9,18,5,Post,Mixed,R,,,,litter,environmental,,1,0,0,0.01
2025,8/6/25,Emerald Lake,9B,9,18,5,Post,Mixed,R,,,,rock,environmental,,2,0,0,0.02
2025,8/6/25,Emerald Lake,9B,9,18,5,Post,Mixed,R,Onagraceae,Chamaenuerion,angustifolium,CHAN,forb,perennial,25,15,0,0.25
2025,8/6/25,Emerald Lake,9B,9,18,5,Post,Mixed,R,Asteraceae,Erigeron,elatior,EREL,forb,perennial,0.5,1,0,0.005
2025,8/6/25,Emerald Lake,9B,9,18,5,Post,Mixed,R,Rosaceae,Fragaria,virginiana,FRVI,forb,perennial,5,3,0,0.05
2025,8/6/25,Emerald Lake,9B,9,18,5,Post,Mixed,R,Geraniaceae,Geranium,richardsonii,GERI,forb,perennial,1,1,0,0.01
2025,8/6/25,Emerald Lake,9B,9,18,5,Post,Mixed,R,Apiaceae,Heracleum,maximum,HEMA,forb,perennial,5,1,0,0.05
2025,8/6/25,Emerald Lake,9B,9,18,5,Post,Mixed,R,Asteraceae,Helianthella,quinquenervis,HEQU,forb,perennial,3,1,0,0.03
2025,8/6/25,Emerald Lake,9B,9,18,5,Post,Mixed,R,Boraginaceae,Hydrophyllum,capitatum,HYCA,forb,perennial,0.1,1,0,0.001
2025,8/6/25,Emerald Lake,9B,9,18,5,Post,Mixed,R,Asteraceae,Hymenoxys,hoopesii,HYHO,forb,perennial,0,4,0,0
2025,8/6/25,Emerald Lake,9B,9,18,5,Post,Mixed,R,Apiaceae,Ligusticum,porteri,LIPO,forb,perennial,10,2,0,0.1
2025,8/6/25,Emerald Lake,9B,9,18,5,Post,Mixed,R,Asteraceae,Senecio,crassulus,SECR,forb,perennial,1,2,0,0.01
2025,8/6/25,Emerald Lake,9B,9,18,5,Post,Mixed,R,Caprifoliaceae,Valeriana,occidentalis,VAOC,forb,perennial,2,9,0,0.02
2025,8/6/25,Emerald Lake,9B,9,18,5,Post,Mixed,R,Poaceae,Elymus,glaucus,ELGL,grass,perennial,1,3,0,0.01
2025,8/6/25,Emerald Lake,9B,9,18,5,Post,Mixed,R,Poaceae,Melica,spectabilis,MESP,grass,perennial,5,7,0,0.05
2025,8/6/25,Emerald Lake,9B,9,18,5,Post,Mixed,R,Fabaceae,Lupinus,argenteus,LUAR,legume,perennial,2,2,0,0.02
2025,8/3/25,Emerald Lake,10A,10,19,5,Post,Control,C,,,,bare,environmental,,40,0,0,0.4
2025,8/3/25,Emerald Lake,10A,10,19,5,Post,Control,C,,,,litter,environmental,,1,0,0,0.01
2025,8/3/25,Emerald Lake,10A,10,19,5,Post,Control,C,,,,rock,environmental,,7,0,0,0.07
2025,8/3/25,Emerald Lake,10A,10,19,5,Post,Control,C,Primulaceae,Androsace,septentrionalis,ANSE,forb,annual,0.1,1,0,0.001
2025,8/3/25,Emerald Lake,10A,10,19,5,Post,Control,C,Brassicaceae,Barbarea,vulgaris,BAVU,forb,biennial,0.5,3,0,0.005
2025,8/3/25,Emerald Lake,10A,10,19,5,Post,Control,C,Onagraceae,Chamaenuerion,angustifolium,CHAN,forb,perennial,5,4,0,0.05
2025,8/3/25,Emerald Lake,10A,10,19,5,Post,Control,C,Ranunculaceae,Delphinium,barbeyi,DEBA,forb,perennial,25,4,0,0.25
2025,8/3/25,Emerald Lake,10A,10,19,5,Post,Control,C,Rosaceae,Fragaria,virginiana,FRVI,forb,perennial,0.5,1,0,0.005
2025,8/3/25,Emerald Lake,10A,10,19,5,Post,Control,C,Asteraceae,Hymenoxys,hoopesii,HYHO,forb,perennial,10,7,0,0.1
2025,8/3/25,Emerald Lake,10A,10,19,5,Post,Control,C,Rosaceae,Potentilla,gracilis,POGR,forb,perennial,4,1,0,0.04
2025,8/3/25,Emerald Lake,10A,10,19,5,Post,Control,C,Crassulaceae,Rhodiola,integrifolia,RHIN,forb,perennial,3,1,0,0.03
2025,8/3/25,Emerald Lake,10A,10,19,5,Post,Control,C,Asteraceae,Senecio,crassulus,SECR,forb,perennial,5,7,1,0.05
2025,8/3/25,Emerald Lake,10A,10,19,5,Post,Control,C,Violaceae,Viola,nuttallii,VINU,forb,perennial,1,4,0,0.01
2025,8/3/25,Emerald Lake,10A,10,19,5,Post,Control,C,Poaceae,Bromus,pumpellianus,BRPU,grass,perennial,0.2,2,0,0.002
2025,8/3/25,Emerald Lake,10A,10,19,5,Post,Control,C,Poaceae,Elymus,glaucus,ELGL,grass,perennial,1,3,0,0.01
2025,8/3/25,Emerald Lake,10A,10,19,5,Post,Control,C,Poaceae,Melica,spectabilis,MESP,grass,perennial,3,5,0,0.03
2025,8/3/25,Emerald Lake,10A,10,19,5,Post,Control,C,Poaceae,Poa,stenantha,POST,grass,perennial,1,1,0,0.01
2025,8/3/25,Emerald Lake,10A,10,19,5,Post,Control,C,Orobanchaceae,Castilleja,septentrionalis,CASE,hemiparasite,perennial,2,2,0,0.02
2025,8/3/25,Emerald Lake,10A,10,19,5,Post,Control,C,Fabaceae,Lupinus,argenteus,LUAR,legume,perennial,15,4,0,0.15
2025,8/3/25,Emerald Lake,10B,10,20,5,Post,Control,R,,,,bare,environmental,,60,0,0,0.6
2025,8/3/25,Emerald Lake,10B,10,20,5,Post,Control,R,,,,litter,environmental,,1,0,0,0.01
2025,8/3/25,Emerald Lake,10B,10,20,5,Post,Control,R,,,,rock,environmental,,3,0,0,0.03
2025,8/3/25,Emerald Lake,10B,10,20,5,Post,Control,R,Onagraceae,Chamaenuerion,angustifolium,CHAN,forb,perennial,2,2,0,0.02
2025,8/3/25,Emerald Lake,10B,10,20,5,Post,Control,R,Asteraceae,Erigeron,coulteri,ERCO,forb,perennial,0.5,1,0,0.005
2025,8/3/25,Emerald Lake,10B,10,20,5,Post,Control,R,Rosaceae,Fragaria,virginiana,FRVI,forb,perennial,15,7,0,0.15
2025,8/3/25,Emerald Lake,10B,10,20,5,Post,Control,R,Geraniaceae,Geranium,richardsonii,GERI,forb,perennial,7,3,0,0.07
2025,8/3/25,Emerald Lake,10B,10,20,5,Post,Control,R,Apiaceae,Heracleum,maximum,HEMA,forb,perennial,4,1,0,0.04
2025,8/3/25,Emerald Lake,10B,10,20,5,Post,Control,R,Asteraceae,Hymenoxys,hoopesii,HYHO,forb,perennial,4,5,0,0.04
2025,8/3/25,Emerald Lake,10B,10,20,5,Post,Control,R,Apiaceae,Ligusticum,porteri,LIPO,forb,perennial,5,1,0,0.05
2025,8/3/25,Emerald Lake,10B,10,20,5,Post,Control,R,Rosaceae,Potentilla,gracilis,POGR,forb,perennial,7,5,0,0.07
2025,8/3/25,Emerald Lake,10B,10,20,5,Post,Control,R,Crassulaceae,Rhodiola,integrifolia,RHIN,forb,perennial,3,3,0,0.03
2025,8/3/25,Emerald Lake,10B,10,20,5,Post,Control,R,Asteraceae,Senecio,crassulus,SECR,forb,perennial,7,4,0,0.07
2025,8/3/25,Emerald Lake,10B,10,20,5,Post,Control,R,Poaceae,Bromus,pumpellianus,BRPU,grass,perennial,4,5,0,0.04
2025,8/3/25,Emerald Lake,10B,10,20,5,Post,Control,R,Poaceae,Melica,spectabilis,MESP,grass,perennial,3,6,0,0.03
2025,8/3/25,Emerald Lake,10B,10,20,5,Post,Control,R,Fabaceae,Lupinus,argenteus,LUAR,legume,perennial,8,3,0,0.08
2025,8/6/25,Emerald Lake,11A,11,21,3,Post,Castilleja,C,,,,bare,environmental,,25,0,0,0.25
2025,8/6/25,Emerald Lake,11A,11,21,3,Post,Castilleja,C,,,,litter,environmental,,5,0,0,0.05
2025,8/6/25,Emerald Lake,11A,11,21,3,Post,Castilleja,C,,,,rock,environmental,,1,0,0,0.01
2025,8/6/25,Emerald Lake,11A,11,21,3,Post,Castilleja,C,Onagraceae,Chamaenuerion,angustifolium,CHAN,forb,perennial,10,8,1,0.1
2025,8/6/25,Emerald Lake,11A,11,21,3,Post,Castilleja,C,Ranunculaceae,Delphinium,barbeyi,DEBA,forb,perennial,4,1,0,0.04
2025,8/6/25,Emerald Lake,11A,11,21,3,Post,Castilleja,C,Asteraceae,Erigeron,elatior,EREL,forb,perennial,3,2,1,0.03
2025,8/6/25,Emerald Lake,11A,11,21,3,Post,Castilleja,C,Geraniaceae,Geranium,richardsonii,GERI,forb,perennial,0.1,1,0,0.001
2025,8/6/25,Emerald Lake,11A,11,21,3,Post,Castilleja,C,Apiaceae,Heracleum,maximum,HEMA,forb,perennial,1,1,0,0.01
2025,8/6/25,Emerald Lake,11A,11,21,3,Post,Castilleja,C,Asteraceae,Helianthella,quinquenervis,HEQU,forb,perennial,3,1,0,0.03
2025,8/6/25,Emerald Lake,11A,11,21,3,Post,Castilleja,C,Asteraceae,Hymenoxys,hoopesii,HYHO,forb,perennial,6,3,1,0.06
2025,8/6/25,Emerald Lake,11A,11,21,3,Post,Castilleja,C,Apiaceae,Ligusticum,porteri,LIPO,forb,perennial,20,1,0,0.2
2025,8/6/25,Emerald Lake,11A,11,21,3,Post,Castilleja,C,Boraginaceae,Mertensia,ciliata,MECI,forb,perennial,5,4,0,0.05
2025,8/6/25,Emerald Lake,11A,11,21,3,Post,Castilleja,C,Rosaceae,Potentilla,gracilis,POGR,forb,perennial,3,1,0,0.03
2025,8/6/25,Emerald Lake,11A,11,21,3,Post,Castilleja,C,Asteraceae,Senecio,crassulus,SECR,forb,perennial,1,1,0,0.01
2025,8/6/25,Emerald Lake,11A,11,21,3,Post,Castilleja,C,Caprifoliaceae,Valeriana,occidentalis,VAOC,forb,perennial,15,9,1,0.15
2025,8/6/25,Emerald Lake,11A,11,21,3,Post,Castilleja,C,Poaceae,Bromus,pumpellianus,BRPU,grass,perennial,1,3,0,0.01
2025,8/6/25,Emerald Lake,11A,11,21,3,Post,Castilleja,C,Poaceae,Elymus,glaucus,ELGL,grass,perennial,10,10,0,0.1
2025,8/6/25,Emerald Lake,11A,11,21,3,Post,Castilleja,C,Poaceae,Melica,spectabilis,MESP,grass,perennial,2,3,0,0.02
2025,8/6/25,Emerald Lake,11A,11,21,3,Post,Castilleja,C,Orobanchaceae,Castilleja,septentrionalis,CASE,hemiparasite,perennial,8,2,0,0.08
2025,8/6/25,Emerald Lake,11A,11,21,3,Post,Castilleja,C,Grossulariaceae,Ribes,montigenum,RIMO,shrub,perennial,25,1,0,0.25
2025,8/6/25,Emerald Lake,11B,11,22,3,Post,Castilleja,R,,,,bare,environmental,,30,0,0,0.3
2025,8/6/25,Emerald Lake,11B,11,22,3,Post,Castilleja,R,,,,litter,environmental,,5,0,0,0.05
2025,8/6/25,Emerald Lake,11B,11,22,3,Post,Castilleja,R,,,,rock,environmental,,1,0,0,0.01
2025,8/6/25,Emerald Lake,11B,11,22,3,Post,Castilleja,R,Ranunculaceae,Aquilegia,coerulea,AQCO,forb,perennial,1,1,0,0.01
2025,8/6/25,Emerald Lake,11B,11,22,3,Post,Castilleja,R,Onagraceae,Chamaenuerion,angustifolium,CHAN,forb,perennial,1,2,0,0.01
2025,8/6/25,Emerald Lake,11B,11,22,3,Post,Castilleja,R,Asteraceae,Erigeron,elatior,EREL,forb,perennial,0.5,1,0,0.005
2025,8/6/25,Emerald Lake,11B,11,22,3,Post,Castilleja,R,Rosaceae,Fragaria,virginiana,FRVI,forb,perennial,7,4,0,0.07
2025,8/6/25,Emerald Lake,11B,11,22,3,Post,Castilleja,R,Geraniaceae,Geranium,richardsonii,GERI,forb,perennial,0.5,1,0,0.005
2025,8/6/25,Emerald Lake,11B,11,22,3,Post,Castilleja,R,Apiaceae,Heracleum,maximum,HEMA,forb,perennial,30,2,0,0.3
2025,8/6/25,Emerald Lake,11B,11,22,3,Post,Castilleja,R,Asteraceae,Helianthella,quinquenervis,HEQU,forb,perennial,25,11,0,0.25
2025,8/6/25,Emerald Lake,11B,11,22,3,Post,Castilleja,R,Asteraceae,Hymenoxys,hoopesii,HYHO,forb,perennial,6,4,0,0.06
2025,8/6/25,Emerald Lake,11B,11,22,3,Post,Castilleja,R,Apiaceae,Ligusticum,porteri,LIPO,forb,perennial,9,2,0,0.09
2025,8/6/25,Emerald Lake,11B,11,22,3,Post,Castilleja,R,Boraginaceae,Mertensia,ciliata,MECI,forb,perennial,2,2,0,0.02
2025,8/6/25,Emerald Lake,11B,11,22,3,Post,Castilleja,R,Rosaceae,Potentilla,gracilis,POGR,forb,perennial,12,4,0,0.12
2025,8/6/25,Emerald Lake,11B,11,22,3,Post,Castilleja,R,Ranunculaceae,Ranunculus,inamoenus,RAIN,forb,perennial,0.1,1,0,0.001
2025,8/6/25,Emerald Lake,11B,11,22,3,Post,Castilleja,R,Asteraceae,Senecio,crassulus,SECR,forb,perennial,5,5,0,0.05
2025,8/6/25,Emerald Lake,11B,11,22,3,Post,Castilleja,R,Asteraceae,Taraxicum,officinale,TAOF,forb,perennial,1,1,0,0.01
2025,8/6/25,Emerald Lake,11B,11,22,3,Post,Castilleja,R,Thalictraceae,Thalictrum,fendleri,THFE,forb,perennial,4,3,0,0.04
2025,8/6/25,Emerald Lake,11B,11,22,3,Post,Castilleja,R,Caprifoliaceae,Valeriana,occidentalis,VAOC,forb,perennial,1,3,0,0.01
2025,8/6/25,Emerald Lake,11B,11,22,3,Post,Castilleja,R,Poaceae,Elymus,glaucus,ELGL,grass,perennial,2,10,0,0.02
2025,8/6/25,Emerald Lake,11B,11,22,3,Post,Castilleja,R,Poaceae,Melica,spectabilis,MESP,grass,perennial,1,4,0,0.01
2025,8/6/25,Emerald Lake,11B,11,22,3,Post,Castilleja,R,Cyperaceae,Carex,Hoodii,CAHO,sedge,perennial,2,2,0,0.02
2025,8/6/25,Emerald Lake,11B,11,22,3,Post,Castilleja,R,Grossulariaceae,Ribes,montigenum,RIMO,shrub,perennial,1,5,0,0.01
2025,8/6/25,Emerald Lake,12A,12,23,3,Post,Control,C,,,,bare,environmental,,15,0,0,0.15
2025,8/6/25,Emerald Lake,12A,12,23,3,Post,Control,C,,,,litter,environmental,,2,0,0,0.02
2025,8/6/25,Emerald Lake,12A,12,23,3,Post,Control,C,,,,rock,environmental,,1,0,0,0.01
2025,8/6/25,Emerald Lake,12A,12,23,3,Post,Control,C,Ranunculaceae,Aquilegia,coerulea,AQCO,forb,perennial,1,1,0,0.01
2025,8/6/25,Emerald Lake,12A,12,23,3,Post,Control,C,Onagraceae,Chamaenuerion,angustifolium,CHAN,forb,perennial,4,4,1,0.04
2025,8/6/25,Emerald Lake,12A,12,23,3,Post,Control,C,Brassicaceae ,Draba,spectabilis,DRSP,forb,perennial,2,1,1,0.02
2025,8/6/25,Emerald Lake,12A,12,23,3,Post,Control,C,Asteraceae,Erigeron,elatior,EREL,forb,perennial,2,1,0,0.02
2025,8/6/25,Emerald Lake,12A,12,23,3,Post,Control,C,Gentianaceae,Gentiana,parryi,GEPA,forb,perennial,0.5,1,0,0.005
2025,8/6/25,Emerald Lake,12A,12,23,3,Post,Control,C,Geraniaceae,Geranium,richardsonii,GERI,forb,perennial,2,1,1,0.02
2025,8/6/25,Emerald Lake,12A,12,23,3,Post,Control,C,Asteraceae,Helianthella,quinquenervis,HEQU,forb,perennial,25,7,0,0.25
2025,8/6/25,Emerald Lake,12A,12,23,3,Post,Control,C,Asteraceae,Hymenoxys,hoopesii,HYHO,forb,perennial,8,6,1,0.08
2025,8/6/25,Emerald Lake,12A,12,23,3,Post,Control,C,Apiaceae,Ligusticum,porteri,LIPO,forb,perennial,35,5,1,0.35
2025,8/6/25,Emerald Lake,12A,12,23,3,Post,Control,C,Boraginaceae,Mertensia,ciliata,MECI,forb,perennial,1,1,0,0.01
2025,8/6/25,Emerald Lake,12A,12,23,3,Post,Control,C,Rosaceae,Potentilla,gracilis,POGR,forb,perennial,2,1,1,0.02
2025,8/6/25,Emerald Lake,12A,12,23,3,Post,Control,C,Asteraceae,Senecio,crassulus,SECR,forb,perennial,5,5,0,0.05
2025,8/6/25,Emerald Lake,12A,12,23,3,Post,Control,C,Thalictraceae,Thalictrum,fendleri,THFE,forb,perennial,12,3,0,0.12
2025,8/6/25,Emerald Lake,12A,12,23,3,Post,Control,C,Caprifoliaceae,Valeriana,occidentalis,VAOC,forb,perennial,4,3,0,0.04
2025,8/6/25,Emerald Lake,12A,12,23,3,Post,Control,C,Poaceae,Bromus,pumpellianus,BRPU,grass,perennial,2,2,0,0.02
2025,8/6/25,Emerald Lake,12A,12,23,3,Post,Control,C,Poaceae,Elymus,glaucus,ELGL,grass,perennial,20,15,0,0.2
2025,8/6/25,Emerald Lake,12A,12,23,3,Post,Control,C,Poaceae,Melica,spectabilis,MESP,grass,perennial,4,2,0,0.04
2025,8/6/25,Emerald Lake,12A,12,23,3,Post,Control,C,Orobanchaceae,Castilleja,septentrionalis,CASE,hemiparasite,perennial,2,1,0,0.02
2025,8/6/25,Emerald Lake,12B,12,24,3,Post,Control,R,,,,bare,environmental,,60,0,0,0.6
2025,8/6/25,Emerald Lake,12B,12,24,3,Post,Control,R,,,,litter,environmental,,1,0,0,0.01
2025,8/6/25,Emerald Lake,12B,12,24,3,Post,Control,R,,,,rock,environmental,,12,0,0,0.12
2025,8/6/25,Emerald Lake,12B,12,24,3,Post,Control,R,Brassicaceae,Barbarea,vulgaris,BAVU,forb,biennial,1,5,0,0.01
2025,8/6/25,Emerald Lake,12B,12,24,3,Post,Control,R,Campanulaceae,Campanula,petiolata,CAPE,forb,perennial,2,8,0,0.02
2025,8/6/25,Emerald Lake,12B,12,24,3,Post,Control,R,Asteraceae,Erigeron,coulteri,ERCO,forb,perennial,1,1,0,0.01
2025,8/6/25,Emerald Lake,12B,12,24,3,Post,Control,R,Asteraceae,Erigeron,speciosus,ERSP,forb,perennial,7,2,0,0.07
2025,8/6/25,Emerald Lake,12B,12,24,3,Post,Control,R,Rosaceae,Fragaria,virginiana,FRVI,forb,perennial,1.5,3,0,0.015
2025,8/6/25,Emerald Lake,12B,12,24,3,Post,Control,R,Asteraceae,Heliomeris,multiflora,HEMU,forb,perennial,2,1,0,0.02
2025,8/6/25,Emerald Lake,12B,12,24,3,Post,Control,R,Asteraceae,Helianthella,quinquenervis,HEQU,forb,perennial,15,4,0,0.15
2025,8/6/25,Emerald Lake,12B,12,24,3,Post,Control,R,Asteraceae,Hymenoxys,hoopesii,HYHO,forb,perennial,6,5,0,0.06
2025,8/6/25,Emerald Lake,12B,12,24,3,Post,Control,R,Apiaceae,Ligusticum,porteri,LIPO,forb,perennial,4,2,0,0.04
2025,8/6/25,Emerald Lake,12B,12,24,3,Post,Control,R,Rosaceae,Potentilla,gracilis,POGR,forb,perennial,15,6,0,0.15
2025,8/6/25,Emerald Lake,12B,12,24,3,Post,Control,R,Asteraceae,Senecio,crassulus,SECR,forb,perennial,1,1,0,0.01
2025,8/6/25,Emerald Lake,12B,12,24,3,Post,Control,R,Violaceae,Viola,nuttallii,VINU,forb,perennial,0.1,1,0,0.001
2025,8/6/25,Emerald Lake,12B,12,24,3,Post,Control,R,Poaceae,Bromus,pumpellianus,BRPU,grass,perennial,1,1,0,0.01
2025,8/6/25,Emerald Lake,12B,12,24,3,Post,Control,R,Poaceae,Melica,spectabilis,MESP,grass,perennial,10,5,0,0.1
2025,8/6/25,Emerald Lake,12B,12,24,3,Post,Control,R,Fabaceae,Lupinus,argenteus,LUAR,legume,perennial,6,1,0,0.06
2025,8/6/25,Emerald Lake,12B,12,24,3,Post,Control,R,Cyperaceae,Carex,Hoodii,CAHO,sedge,perennial,10,3,0,0.1
2025,8/4/25,Emerald Lake,13A,13,25,1,Post,Control,R,,,,bare,environmental,,45,0,0,0.45
2025,8/4/25,Emerald Lake,13A,13,25,1,Post,Control,R,,,,litter,environmental,,1,0,0,0.01
2025,8/4/25,Emerald Lake,13A,13,25,1,Post,Control,R,,,,rock,environmental,,3,0,0,0.03
2025,8/4/25,Emerald Lake,13A,13,25,1,Post,Control,R,Ranunculaceae,Aquilegia,coerulea,AQCO,forb,perennial,2,1,0,0.02
2025,8/4/25,Emerald Lake,13A,13,25,1,Post,Control,R,Asteraceae,Erigeron,speciosus,ERSP,forb,perennial,1.5,2,0,0.015
2025,8/4/25,Emerald Lake,13A,13,25,1,Post,Control,R,Rosaceae,Fragaria,virginiana,FRVI,forb,perennial,6,6,0,0.06
2025,8/4/25,Emerald Lake,13A,13,25,1,Post,Control,R,Asteraceae,Helianthella,quinquenervis,HEQU,forb,perennial,25,7,0,0.25
2025,8/4/25,Emerald Lake,13A,13,25,1,Post,Control,R,Apiaceae,Ligusticum,porteri,LIPO,forb,perennial,15,3,0,0.15
2025,8/4/25,Emerald Lake,13A,13,25,1,Post,Control,R,Rosaceae,Potentilla,gracilis,POGR,forb,perennial,7,4,0,0.07
2025,8/4/25,Emerald Lake,13A,13,25,1,Post,Control,R,Poaceae,Bromus,pumpellianus,BRPU,grass,perennial,2,6,0,0.02
2025,8/4/25,Emerald Lake,13A,13,25,1,Post,Control,R,Poaceae,Elymus,glaucus,ELGL,grass,perennial,5,8,0,0.05
2025,8/4/25,Emerald Lake,13A,13,25,1,Post,Control,R,Poaceae,Melica,spectabilis,MESP,grass,perennial,5,3,0,0.05
2025,8/4/25,Emerald Lake,13A,13,25,1,Post,Control,R,Poaceae,Poa,stenantha,POST,grass,perennial,1.5,1,0,0.015
2025,8/4/25,Emerald Lake,13A,13,25,1,Post,Control,R,Fabaceae,Lupinus,argenteus,LUAR,legume,perennial,11,4,0,0.11
2025,8/4/25,Emerald Lake,13A,13,25,1,Post,Control,R,Cyperaceae,Carex,Hoodii,CAHO,sedge,perennial,8,4,0,0.08
2025,8/4/25,Emerald Lake,13B,13,26,1,Post,Control,C,,,,bare,environmental,,35,0,0,0.35
2025,8/4/25,Emerald Lake,13B,13,26,1,Post,Control,C,,,,litter,environmental,,0,0,0,0
2025,8/4/25,Emerald Lake,13B,13,26,1,Post,Control,C,,,,rock,environmental,,2,0,0,0.02
2025,8/4/25,Emerald Lake,13B,13,26,1,Post,Control,C,Ranunculaceae,Delphinium,barbeyi,DEBA,forb,perennial,3,1,1,0.03
2025,8/4/25,Emerald Lake,13B,13,26,1,Post,Control,C,Asteraceae,Erigeron,elatior,EREL,forb,perennial,2,1,0,0.02
2025,8/4/25,Emerald Lake,13B,13,26,1,Post,Control,C,Asteraceae,Erigeron,speciosus,ERSP,forb,perennial,15,2,1,0.15
2025,8/4/25,Emerald Lake,13B,13,26,1,Post,Control,C,Rosaceae,Fragaria,virginiana,FRVI,forb,perennial,2,3,0,0.02
2025,8/4/25,Emerald Lake,13B,13,26,1,Post,Control,C,Geraniaceae,Geranium,richardsonii,GERI,forb,perennial,1,1,0,0.01
2025,8/4/25,Emerald Lake,13B,13,26,1,Post,Control,C,Asteraceae,Helianthella,quinquenervis,HEQU,forb,perennial,15,6,1,0.15
2025,8/4/25,Emerald Lake,13B,13,26,1,Post,Control,C,Asteraceae,Hymenoxys,hoopesii,HYHO,forb,perennial,2,1,0,0.02
2025,8/4/25,Emerald Lake,13B,13,26,1,Post,Control,C,Boraginaceae,Mertensia,ciliata,MECI,forb,perennial,5,1,0,0.05
2025,8/4/25,Emerald Lake,13B,13,26,1,Post,Control,C,Rosaceae,Potentilla,gracilis,POGR,forb,perennial,7,4,1,0.07
2025,8/4/25,Emerald Lake,13B,13,26,1,Post,Control,C,Asteraceae,Senecio,crassulus,SECR,forb,perennial,0.5,1,0,0.005
2025,8/4/25,Emerald Lake,13B,13,26,1,Post,Control,C,Thalictraceae,Thalictrum,fendleri,THFE,forb,perennial,1,1,0,0.01
2025,8/4/25,Emerald Lake,13B,13,26,1,Post,Control,C,Caprifoliaceae,Valeriana,occidentalis,VAOC,forb,perennial,6,6,0,0.06
2025,8/4/25,Emerald Lake,13B,13,26,1,Post,Control,C,Poaceae,Bromus,pumpellianus,BRPU,grass,perennial,1.5,6,0,0.015
2025,8/4/25,Emerald Lake,13B,13,26,1,Post,Control,C,Poaceae,Elymus,glaucus,ELGL,grass,perennial,5,11,1,0.05
2025,8/4/25,Emerald Lake,13B,13,26,1,Post,Control,C,Poaceae,Melica,spectabilis,MESP,grass,perennial,1.5,3,0,0.015
2025,8/4/25,Emerald Lake,13B,13,26,1,Post,Control,C,Orobanchaceae,Castilleja,septentrionalis,CASE,hemiparasite,perennial,10,0,0,0.1
2025,8/4/25,Emerald Lake,13B,13,26,1,Post,Control,C,Fabaceae,Lupinus,argenteus,LUAR,legume,perennial,15,6,1,0.15
2025,8/4/25,Emerald Lake,13B,13,26,1,Post,Control,C,Cyperaceae,Carex,Hoodii,CAHO,sedge,perennial,6,2,1,0.06
2025,8/4/25,Emerald Lake,13B,13,26,1,Post,Control,C,Grossulariaceae,Ribes,montigenum,RIMO,shrub,perennial,5,1,0,0.05
2025,8/3/25,Emerald Lake,14A,14,27,1,Post,Community,C,,,,bare,environmental,,40,0,0,0.4
2025,8/3/25,Emerald Lake,14A,14,27,1,Post,Community,C,,,,litter,environmental,,5,0,0,0.05
2025,8/3/25,Emerald Lake,14A,14,27,1,Post,Community,C,,,,rock,environmental,,3,0,0,0.03
2025,8/3/25,Emerald Lake,14A,14,27,1,Post,Community,C,Primulaceae,Androsace,septentrionalis,ANSE,forb,annual,0.1,1,0,0.001
2025,8/3/25,Emerald Lake,14A,14,27,1,Post,Community,C,Asteraceae,Helianthella,quinquenervis,HEQU,forb,perennial,12,10,0,0.12
2025,8/3/25,Emerald Lake,14A,14,27,1,Post,Community,C,Asteraceae,Hymenoxys,hoopesii,HYHO,forb,perennial,5,3,1,0.05
2025,8/3/25,Emerald Lake,14A,14,27,1,Post,Community,C,Apiaceae,Ligusticum,porteri,LIPO,forb,perennial,7,2,0,0.07
2025,8/3/25,Emerald Lake,14A,14,27,1,Post,Community,C,Boraginaceae,Mertensia,ciliata,MECI,forb,perennial,5,7,0,0.05
2025,8/3/25,Emerald Lake,14A,14,27,1,Post,Community,C,Asteraceae,Senecio,crassulus,SECR,forb,perennial,1,2,1,0.01
2025,8/3/25,Emerald Lake,14A,14,27,1,Post,Community,C,Poaceae,Bromus,pumpellianus,BRPU,grass,perennial,7,14,0,0.07
2025,8/3/25,Emerald Lake,14A,14,27,1,Post,Community,C,Orobanchaceae,Castilleja,septentrionalis,CASE,hemiparasite,perennial,1,1,0,0.01
2025,8/3/25,Emerald Lake,14A,14,27,1,Post,Community,C,Grossulariaceae,Ribes,montigenum,RIMO,shrub,perennial,25,3,0,0.25
2025,8/3/25,Emerald Lake,14B,14,28,1,Post,Community,R,,,,bare,environmental,,40,0,0,0.4
2025,8/3/25,Emerald Lake,14B,14,28,1,Post,Community,R,,,,litter,environmental,,2,0,0,0.02
2025,8/3/25,Emerald Lake,14B,14,28,1,Post,Community,R,,,,rock,environmental,,3,0,0,0.03
2025,8/3/25,Emerald Lake,14B,14,28,1,Post,Community,R,Brassicaceae,Barbarea,vulgaris,BAVU,forb,biennial,0.1,1,0,0.001
2025,8/3/25,Emerald Lake,14B,14,28,1,Post,Community,R,Ranunculaceae,Delphinium,barbeyi,DEBA,forb,perennial,1,1,0,0.01
2025,8/3/25,Emerald Lake,14B,14,28,1,Post,Community,R,Rosaceae,Fragaria,virginiana,FRVI,forb,perennial,1,3,0,0.01
2025,8/3/25,Emerald Lake,14B,14,28,1,Post,Community,R,Asteraceae,Helianthella,quinquenervis,HEQU,forb,perennial,5,2,0,0.05
2025,8/3/25,Emerald Lake,14B,14,28,1,Post,Community,R,Asteraceae,Hymenoxys,hoopesii,HYHO,forb,perennial,25,8,0,0.25
2025,8/3/25,Emerald Lake,14B,14,28,1,Post,Community,R,Boraginaceae,Mertensia,ciliata,MECI,forb,perennial,1,2,0,0.01
2025,8/3/25,Emerald Lake,14B,14,28,1,Post,Community,R,Rosaceae,Potentilla,gracilis,POGR,forb,perennial,2,2,0,0.02
2025,8/3/25,Emerald Lake,14B,14,28,1,Post,Community,R,Asteraceae,Senecio,crassulus,SECR,forb,perennial,2,4,0,0.02
2025,8/3/25,Emerald Lake,14B,14,28,1,Post,Community,R,Poaceae,Elymus,glaucus,ELGL,grass,perennial,2,4,0,0.02
2025,8/3/25,Emerald Lake,14B,14,28,1,Post,Community,R,Poaceae,Melica,spectabilis,MESP,grass,perennial,3,4,0,0.03
2025,8/3/25,Emerald Lake,14B,14,28,1,Post,Community,R,Poaceae,Phleum,alpinum,PHAL,grass,perennial,4,3,0,0.04
2025,8/3/25,Emerald Lake,14B,14,28,1,Post,Community,R,Cyperaceae,Carex,Hoodii,CAHO,sedge,perennial,1,5,0,0.01
2025,8/3/25,Emerald Lake,14B,14,28,1,Post,Community,R,Grossulariaceae,Ribes,montigenum,RIMO,shrub,perennial,25,1,0,0.25
2025,8/3/25,Emerald Lake,15A,15,29,1,Post,Castilleja,C,,,,bare,environmental,,45,,0,0.45
2025,8/3/25,Emerald Lake,15A,15,29,1,Post,Castilleja,C,,,,litter,environmental,,2,,0,0.02
2025,8/3/25,Emerald Lake,15A,15,29,1,Post,Castilleja,C,,,,rock,environmental,,2,,0,0.02
2025,8/3/25,Emerald Lake,15A,15,29,1,Post,Castilleja,C,Asteraceae,Erigeron,coulteri,ERCO,forb,perennial,0.5,1,0,0.005
2025,8/3/25,Emerald Lake,15A,15,29,1,Post,Castilleja,C,Asteraceae,Erigeron,elatior,EREL,forb,perennial,0.5,1,0,0.005
2025,8/3/25,Emerald Lake,15A,15,29,1,Post,Castilleja,C,Liliaceae,Erythronium,grandiflorum,ERGR,forb,perennial,0.1,1,1,0.001
2025,8/3/25,Emerald Lake,15A,15,29,1,Post,Castilleja,C,Asteraceae,Helianthella,quinquenervis,HEQU,forb,perennial,9,3,0,0.09
2025,8/3/25,Emerald Lake,15A,15,29,1,Post,Castilleja,C,Apiaceae,Ligusticum,porteri,LIPO,forb,perennial,5,1,0,0.05
2025,8/3/25,Emerald Lake,15A,15,29,1,Post,Castilleja,C,Rosaceae,Potentilla,gracilis,POGR,forb,perennial,3,3,1,0.03
2025,8/3/25,Emerald Lake,15A,15,29,1,Post,Castilleja,C,Crassulaceae,Rhodiola,integrifolia,RHIN,forb,perennial,2.5,2,0,0.025
2025,8/3/25,Emerald Lake,15A,15,29,1,Post,Castilleja,C,Asteraceae,Senecio,crassulus,SECR,forb,perennial,1,2,0,0.01
2025,8/3/25,Emerald Lake,15A,15,29,1,Post,Castilleja,C,Caprifoliaceae,Valeriana,occidentalis,VAOC,forb,perennial,1,5,0,0.01
2025,8/3/25,Emerald Lake,15A,15,29,1,Post,Castilleja,C,Violaceae,Viola,nuttallii,VINU,forb,perennial,0.1,1,0,0.001
2025,8/3/25,Emerald Lake,15A,15,29,1,Post,Castilleja,C,Poaceae,Elymus,glaucus,ELGL,grass,perennial,10,16,1,0.1
2025,8/3/25,Emerald Lake,15A,15,29,1,Post,Castilleja,C,Poaceae,Melica,spectabilis,MESP,grass,perennial,8,4,1,0.08
2025,8/3/25,Emerald Lake,15A,15,29,1,Post,Castilleja,C,Orobanchaceae,Castilleja,septentrionalis,CASE,hemiparasite,perennial,5,4,0,0.05
2025,8/3/25,Emerald Lake,15A,15,29,1,Post,Castilleja,C,Fabaceae,Lupinus,argenteus,LUAR,legume,perennial,20,7,0,0.2
2025,8/3/25,Emerald Lake,15B,15,30,1,Post,Castilleja,R,,,,bare,environmental,,65,0,0,0.65
2025,8/3/25,Emerald Lake,15B,15,30,1,Post,Castilleja,R,,,,litter,environmental,,1,0,0,0.01
2025,8/3/25,Emerald Lake,15B,15,30,1,Post,Castilleja,R,,,,rock,environmental,,5,0,0,0.05
2025,8/3/25,Emerald Lake,15B,15,30,1,Post,Castilleja,R,Asteraceae,Erigeron,coulteri,ERCO,forb,perennial,0.5,2,0,0.005
2025,8/3/25,Emerald Lake,15B,15,30,1,Post,Castilleja,R,Rosaceae,Potentilla,gracilis,POGR,forb,perennial,1,1,0,0.01
2025,8/3/25,Emerald Lake,15B,15,30,1,Post,Castilleja,R,Asteraceae,Senecio,crassulus,SECR,forb,perennial,7,4,0,0.07
2025,8/3/25,Emerald Lake,15B,15,30,1,Post,Castilleja,R,Caprifoliaceae,Valeriana,occidentalis,VAOC,forb,perennial,0.5,3,0,0.005
2025,8/3/25,Emerald Lake,15B,15,30,1,Post,Castilleja,R,Poaceae,Elymus,glaucus,ELGL,grass,perennial,10,5,0,0.1
2025,8/3/25,Emerald Lake,15B,15,30,1,Post,Castilleja,R,Poaceae,Melica,spectabilis,MESP,grass,perennial,5,5,0,0.05
2025,8/3/25,Emerald Lake,15B,15,30,1,Post,Castilleja,R,Poaceae,Poa,stenantha,POST,grass,perennial,1,3,0,0.01
2025,8/3/25,Emerald Lake,15B,15,30,1,Post,Castilleja,R,Fabaceae,Lupinus,argenteus,LUAR,legume,perennial,20,8,0,0.2
2025,8/3/25,Emerald Lake,16A,16,31,2,Post,Control,C,,,,bare,environmental,,55,0,0,0.55
2025,8/3/25,Emerald Lake,16A,16,31,2,Post,Control,C,,,,litter,environmental,,2,0,0,0.02
2025,8/3/25,Emerald Lake,16A,16,31,2,Post,Control,C,,,,rock,environmental,,1,0,0,0.01
2025,8/3/25,Emerald Lake,16A,16,31,2,Post,Control,C,Primulaceae,Androsace,septentrionalis,ANSE,forb,annual,0.1,1,0,0.001
2025,8/3/25,Emerald Lake,16A,16,31,2,Post,Control,C,Brassicaceae,Barbarea,vulgaris,BAVU,forb,biennial,0.5,3,0,0.005
2025,8/3/25,Emerald Lake,16A,16,31,2,Post,Control,C,Onagraceae,Chamaenuerion,angustifolium,CHAN,forb,perennial,0.5,1,0,0.005
2025,8/3/25,Emerald Lake,16A,16,31,2,Post,Control,C,Liliaceae,Erythronium,grandiflorum,ERGR,forb,perennial,0.1,1,0,0.001
2025,8/3/25,Emerald Lake,16A,16,31,2,Post,Control,C,Asteraceae,Heliomeris,multiflora,HEMU,forb,perennial,1,1,1,0.01
2025,8/3/25,Emerald Lake,16A,16,31,2,Post,Control,C,Asteraceae,Helianthella,quinquenervis,HEQU,forb,perennial,5,3,0,0.05
2025,8/3/25,Emerald Lake,16A,16,31,2,Post,Control,C,Rosaceae,Potentilla,gracilis,POGR,forb,perennial,7,5,1,0.07
2025,8/3/25,Emerald Lake,16A,16,31,2,Post,Control,C,Asteraceae,Senecio,crassulus,SECR,forb,perennial,7,3,0,0.07
2025,8/3/25,Emerald Lake,16A,16,31,2,Post,Control,C,Caprifoliaceae,Valeriana,occidentalis,VAOC,forb,perennial,1,8,1,0.01
2025,8/3/25,Emerald Lake,16A,16,31,2,Post,Control,C,Poaceae,Elymus,glaucus,ELGL,grass,perennial,10,9,0,0.1
2025,8/3/25,Emerald Lake,16A,16,31,2,Post,Control,C,Poaceae,Melica,spectabilis,MESP,grass,perennial,3,6,1,0.03
2025,8/3/25,Emerald Lake,16A,16,31,2,Post,Control,C,Poaceae,Poa,stenantha,POST,grass,perennial,3,2,0,0.03
2025,8/3/25,Emerald Lake,16A,16,31,2,Post,Control,C,Orobanchaceae,Castilleja,septentrionalis,CASE,hemiparasite,perennial,3,1,0,0.03
2025,8/3/25,Emerald Lake,16A,16,31,2,Post,Control,C,Fabaceae,Lupinus,argenteus,LUAR,legume,perennial,30,8,1,0.3
2025,8/3/25,Emerald Lake,16B,16,32,2,Post,Control,R,,,,bare,environmental,,25,0,0,0.25
2025,8/3/25,Emerald Lake,16B,16,32,2,Post,Control,R,,,,litter,environmental,,5,0,0,0.05
2025,8/3/25,Emerald Lake,16B,16,32,2,Post,Control,R,,,,rock,environmental,,0.5,0,0,0.005
2025,8/3/25,Emerald Lake,16B,16,32,2,Post,Control,R,Onagraceae,Chamaenuerion,angustifolium,CHAN,forb,perennial,7,5,0,0.07
2025,8/3/25,Emerald Lake,16B,16,32,2,Post,Control,R,Asteraceae,Erigeron,coulteri,ERCO,forb,perennial,1,2,0,0.01
2025,8/3/25,Emerald Lake,16B,16,32,2,Post,Control,R,Apiaceae,Heracleum,maximum,HEMA,forb,perennial,5,1,0,0.05
2025,8/3/25,Emerald Lake,16B,16,32,2,Post,Control,R,Asteraceae,Heliomeris,multiflora,HEMU,forb,perennial,1,2,0,0.01
2025,8/3/25,Emerald Lake,16B,16,32,2,Post,Control,R,Asteraceae,Helianthella,quinquenervis,HEQU,forb,perennial,3,2,0,0.03
2025,8/3/25,Emerald Lake,16B,16,32,2,Post,Control,R,Rosaceae,Potentilla,gracilis,POGR,forb,perennial,7,4,0,0.07
2025,8/3/25,Emerald Lake,16B,16,32,2,Post,Control,R,Caprifoliaceae,Valeriana,occidentalis,VAOC,forb,perennial,3,11,0,0.03
2025,8/3/25,Emerald Lake,16B,16,32,2,Post,Control,R,Melanthiaceae,Veratrum,californicum,VECA,forb,perennial,5,1,0,0.05
2025,8/3/25,Emerald Lake,16B,16,32,2,Post,Control,R,Poaceae,Elymus,glaucus,ELGL,grass,perennial,15,8,0,0.15
2025,8/3/25,Emerald Lake,16B,16,32,2,Post,Control,R,Poaceae,Melica,spectabilis,MESP,grass,perennial,20,8,0,0.2
2025,8/3/25,Emerald Lake,16B,16,32,2,Post,Control,R,Poaceae,Trisetum,spicatum,TRSP,grass,perennial,1,3,0,0.01
2025,8/3/25,Emerald Lake,16B,16,32,2,Post,Control,R,Fabaceae,Lupinus,argenteus,LUAR,legume,perennial,30,8,0,0.3
2025,8/3/25,Emerald Lake,17A,17,33,4,Post,Community,R,,,,bare,environmental,,70,0,0,0.7
2025,8/3/25,Emerald Lake,17A,17,33,4,Post,Community,R,,,,litter,environmental,,2,0,0,0.02
2025,8/3/25,Emerald Lake,17A,17,33,4,Post,Community,R,,,,rock,environmental,,2,0,0,0.02
2025,8/3/25,Emerald Lake,17A,17,33,4,Post,Community,R,Primulaceae,Androsace,septentrionalis,ANSE,forb,annual,1,3,0,0.01
2025,8/3/25,Emerald Lake,17A,17,33,4,Post,Community,R,Onagraceae,Chamaenuerion,angustifolium,CHAN,forb,perennial,3.5,4,0,0.035
2025,8/3/25,Emerald Lake,17A,17,33,4,Post,Community,R,Ranunculaceae,Delphinium,barbeyi,DEBA,forb,perennial,4,3,0,0.04
2025,8/3/25,Emerald Lake,17A,17,33,4,Post,Community,R,Brassicaceae,Descurainia,sophia,DESO,forb,perennial,0.1,1,0,0.001
2025,8/3/25,Emerald Lake,17A,17,33,4,Post,Community,R,Asteraceae,Erigeron,coulteri,ERCO,forb,perennial,0.5,1,0,0.005
2025,8/3/25,Emerald Lake,17A,17,33,4,Post,Community,R,Apiaceae,Heracleum,maximum,HEMA,forb,perennial,5,1,0,0.05
2025,8/3/25,Emerald Lake,17A,17,33,4,Post,Community,R,Asteraceae,Hymenoxys,hoopesii,HYHO,forb,perennial,7,3,0,0.07
2025,8/3/25,Emerald Lake,17A,17,33,4,Post,Community,R,Asteraceae,Senecio,crassulus,SECR,forb,perennial,8,5,0,0.08
2025,8/3/25,Emerald Lake,17A,17,33,4,Post,Community,R,Caprifoliaceae,Valeriana,occidentalis,VAOC,forb,perennial,5,17,0,0.05
2025,8/3/25,Emerald Lake,17A,17,33,4,Post,Community,R,Poaceae,Elymus,glaucus,ELGL,grass,perennial,2,7,0,0.02
2025,8/3/25,Emerald Lake,17A,17,33,4,Post,Community,R,Poaceae,Melica,spectabilis,MESP,grass,perennial,9,10,0,0.09
2025,8/3/25,Emerald Lake,17A,17,33,4,Post,Community,R,Poaceae,Phleum,alpinum,PHAL,grass,perennial,0.1,1,0,0.001
2025,8/3/25,Emerald Lake,17A,17,33,4,Post,Community,R,Fabaceae,Lupinus,argenteus,LUAR,legume,perennial,5,2,0,0.05
2025,8/3/25,Emerald Lake,17B,17,34,4,Post,Community,C,,,,bare,environmental,,30,0,0,0.3
2025,8/3/25,Emerald Lake,17B,17,34,4,Post,Community,C,,,,litter,environmental,,1,0,0,0.01
2025,8/3/25,Emerald Lake,17B,17,34,4,Post,Community,C,,,,rock,environmental,,0,0,0,0
2025,8/3/25,Emerald Lake,17B,17,34,4,Post,Community,C,Onagraceae,Chamaenuerion,angustifolium,CHAN,forb,perennial,15,8,1,0.15
2025,8/3/25,Emerald Lake,17B,17,34,4,Post,Community,C,Brassicaceae,Descurainia,sophia,DESO,forb,perennial,0.5,3,0,0.005
2025,8/3/25,Emerald Lake,17B,17,34,4,Post,Community,C,Brassicaceae ,Draba,spectabilis,DRSP,forb,perennial,1,5,0,0.01
2025,8/3/25,Emerald Lake,17B,17,34,4,Post,Community,C,Liliaceae,Erythronium,grandiflorum,ERGR,forb,perennial,0.5,2,0,0.005
2025,8/3/25,Emerald Lake,17B,17,34,4,Post,Community,C,Geraniaceae,Geranium,richardsonii,GERI,forb,perennial,1.5,1,0,0.015
2025,8/3/25,Emerald Lake,17B,17,34,4,Post,Community,C,Asteraceae,Heliomeris,multiflora,HEMU,forb,perennial,1,1,0,0.01
2025,8/3/25,Emerald Lake,17B,17,34,4,Post,Community,C,Asteraceae,Hymenoxys,hoopesii,HYHO,forb,perennial,2,2,0,0.02
2025,8/3/25,Emerald Lake,17B,17,34,4,Post,Community,C,Boraginaceae,Mertensia,ciliata,MECI,forb,perennial,9,5,0,0.09
2025,8/3/25,Emerald Lake,17B,17,34,4,Post,Community,C,Ranunculaceae,Ranunculus,inamoenus,RAIN,forb,perennial,1,1,0,0.01
2025,8/3/25,Emerald Lake,17B,17,34,4,Post,Community,C,Polygonaceae,Rumex,salicifolius,RUSA,forb,perennial,8,3,1,0.08
2025,8/3/25,Emerald Lake,17B,17,34,4,Post,Community,C,Asteraceae,Senecio,crassulus,SECR,forb,perennial,2,2,0,0.02
2025,8/3/25,Emerald Lake,17B,17,34,4,Post,Community,C,Caprifoliaceae,Valeriana,occidentalis,VAOC,forb,perennial,2,7,0,0.02
2025,8/3/25,Emerald Lake,17B,17,34,4,Post,Community,C,Melanthiaceae,Veratrum,californicum,VECA,forb,perennial,30,9,1,0.3
2025,8/3/25,Emerald Lake,17B,17,34,4,Post,Community,C,Poaceae,Elymus,glaucus,ELGL,grass,perennial,5,8,1,0.05
2025,8/3/25,Emerald Lake,17B,17,34,4,Post,Community,C,Poaceae,Melica,spectabilis,MESP,grass,perennial,10,4,1,0.1
2025,8/3/25,Emerald Lake,17B,17,34,4,Post,Community,C,Orobanchaceae,Castilleja,septentrionalis,CASE,hemiparasite,perennial,4,1,0,0.04
2025,8/3/25,Emerald Lake,17B,17,34,4,Post,Community,C,Fabaceae,Lupinus,argenteus,LUAR,legume,perennial,7,2,1,0.07
2025,8/3/25,Emerald Lake,18A,18,35,5,Post,Community,C,,,,bare,environmental,,15,0,0,0.15
2025,8/3/25,Emerald Lake,18A,18,35,5,Post,Community,C,,,,litter,environmental,,5,0,0,0.05
2025,8/3/25,Emerald Lake,18A,18,35,5,Post,Community,C,,,,rock,environmental,,0,0,0,0
2025,8/3/25,Emerald Lake,18A,18,35,5,Post,Community,C,Primulaceae,Androsace,septentrionalis,ANSE,forb,annual,2,6,0,0.02
2025,8/3/25,Emerald Lake,18A,18,35,5,Post,Community,C,Onagraceae,Chamaenuerion,angustifolium,CHAN,forb,perennial,40,15,1,0.4
2025,8/3/25,Emerald Lake,18A,18,35,5,Post,Community,C,Ranunculaceae,Delphinium,barbeyi,DEBA,forb,perennial,3,1,1,0.03
2025,8/3/25,Emerald Lake,18A,18,35,5,Post,Community,C,Brassicaceae ,Draba,spectabilis,DRSP,forb,perennial,0.5,2,0,0.005
2025,8/3/25,Emerald Lake,18A,18,35,5,Post,Community,C,Geraniaceae,Geranium,richardsonii,GERI,forb,perennial,10,5,1,0.1
2025,8/3/25,Emerald Lake,18A,18,35,5,Post,Community,C,Apiaceae,Heracleum,maximum,HEMA,forb,perennial,20,1,0,0.2
2025,8/3/25,Emerald Lake,18A,18,35,5,Post,Community,C,Boraginaceae,Hydrophyllum,capitatum,HYCA,forb,perennial,0.5,1,0,0.005
2025,8/3/25,Emerald Lake,18A,18,35,5,Post,Community,C,Asteraceae,Hymenoxys,hoopesii,HYHO,forb,perennial,5,4,0,0.05
2025,8/3/25,Emerald Lake,18A,18,35,5,Post,Community,C,Apiaceae,Ligusticum,porteri,LIPO,forb,perennial,10,1,0,0.1
2025,8/3/25,Emerald Lake,18A,18,35,5,Post,Community,C,Boraginaceae,Mertensia,ciliata,MECI,forb,perennial,2,4,0,0.02
2025,8/3/25,Emerald Lake,18A,18,35,5,Post,Community,C,Asteraceae,Senecio,crassulus,SECR,forb,perennial,5,10,0,0.05
2025,8/3/25,Emerald Lake,18A,18,35,5,Post,Community,C,Caprifoliaceae,Valeriana,occidentalis,VAOC,forb,perennial,1,3,0,0.01
2025,8/3/25,Emerald Lake,18A,18,35,5,Post,Community,C,Violaceae,Viola,nuttallii,VINU,forb,perennial,1,3,0,0.01
2025,8/3/25,Emerald Lake,18A,18,35,5,Post,Community,C,Poaceae,Bromus,pumpellianus,BRPU,grass,perennial,0.1,1,0,0.001
2025,8/3/25,Emerald Lake,18A,18,35,5,Post,Community,C,Poaceae,Elymus,glaucus,ELGL,grass,perennial,7,15,1,0.07
2025,8/3/25,Emerald Lake,18A,18,35,5,Post,Community,C,Orobanchaceae,Castilleja,septentrionalis,CASE,hemiparasite,perennial,4,2,0,0.04
2025,8/3/25,Emerald Lake,18A,18,35,5,Post,Community,C,Fabaceae,Lupinus,argenteus,LUAR,legume,perennial,3,1,0,0.03
2025,8/3/25,Emerald Lake,18B,18,36,5,Post,Community,R,,,,bare,environmental,,15,0,0,0.15
2025,8/3/25,Emerald Lake,18B,18,36,5,Post,Community,R,,,,litter,environmental,,2,0,0,0.02
2025,8/3/25,Emerald Lake,18B,18,36,5,Post,Community,R,,,,rock,environmental,,0,0,0,0
2025,8/3/25,Emerald Lake,18B,18,36,5,Post,Community,R,Onagraceae,Chamaenuerion,angustifolium,CHAN,forb,perennial,40,17,0,0.4
2025,8/3/25,Emerald Lake,18B,18,36,5,Post,Community,R,Ranunculaceae,Delphinium,barbeyi,DEBA,forb,perennial,7,2,0,0.07
2025,8/3/25,Emerald Lake,18B,18,36,5,Post,Community,R,Brassicaceae ,Draba,spectabilis,DRSP,forb,perennial,0.1,1,0,0.001
2025,8/3/25,Emerald Lake,18B,18,36,5,Post,Community,R,Asteraceae,Erigeron,elatior,EREL,forb,perennial,1,1,0,0.01
2025,8/3/25,Emerald Lake,18B,18,36,5,Post,Community,R,Geraniaceae,Geranium,richardsonii,GERI,forb,perennial,6,3,0,0.06
2025,8/3/25,Emerald Lake,18B,18,36,5,Post,Community,R,Apiaceae,Heracleum,maximum,HEMA,forb,perennial,15,1,0,0.15
2025,8/3/25,Emerald Lake,18B,18,36,5,Post,Community,R,Asteraceae,Hymenoxys,hoopesii,HYHO,forb,perennial,3,2,0,0.03
2025,8/3/25,Emerald Lake,18B,18,36,5,Post,Community,R,Apiaceae,Ligusticum,porteri,LIPO,forb,perennial,5,1,0,0.05
2025,8/3/25,Emerald Lake,18B,18,36,5,Post,Community,R,Boraginaceae,Mertensia,ciliata,MECI,forb,perennial,3,4,0,0.03
2025,8/3/25,Emerald Lake,18B,18,36,5,Post,Community,R,Asteraceae,Senecio,crassulus,SECR,forb,perennial,1,1,0,0.01
2025,8/3/25,Emerald Lake,18B,18,36,5,Post,Community,R,Caprifoliaceae,Valeriana,occidentalis,VAOC,forb,perennial,5,7,0,0.05
2025,8/3/25,Emerald Lake,18B,18,36,5,Post,Community,R,Poaceae,Bromus,pumpellianus,BRPU,grass,perennial,0.1,1,0,0.001
2025,8/3/25,Emerald Lake,18B,18,36,5,Post,Community,R,Poaceae,Elymus,glaucus,ELGL,grass,perennial,5,3,0,0.05
2025,8/3/25,Emerald Lake,19A,19,37,5,Post,Castilleja,C,,,,bare,environmental,,10,0,0,0.1
2025,8/3/25,Emerald Lake,19A,19,37,5,Post,Castilleja,C,,,,litter,environmental,,10,0,0,0.1
2025,8/3/25,Emerald Lake,19A,19,37,5,Post,Castilleja,C,,,,rock,environmental,,1,0,0,0.01
2025,8/3/25,Emerald Lake,19A,19,37,5,Post,Castilleja,C,Onagraceae,Chamaenuerion,angustifolium,CHAN,forb,perennial,35,19,0,0.35
2025,8/3/25,Emerald Lake,19A,19,37,5,Post,Castilleja,C,Ranunculaceae,Delphinium,barbeyi,DEBA,forb,perennial,5,4,0,0.05
2025,8/3/25,Emerald Lake,19A,19,37,5,Post,Castilleja,C,Asteraceae,Erigeron,coulteri,ERCO,forb,perennial,1,1,0,0.01
2025,8/3/25,Emerald Lake,19A,19,37,5,Post,Castilleja,C,Asteraceae,Erigeron,elatior,EREL,forb,perennial,10,12,0,0.1
2025,8/3/25,Emerald Lake,19A,19,37,5,Post,Castilleja,C,Apiaceae,Heracleum,maximum,HEMA,forb,perennial,5,1,0,0.05
2025,8/3/25,Emerald Lake,19A,19,37,5,Post,Castilleja,C,Asteraceae,Hymenoxys,hoopesii,HYHO,forb,perennial,30,11,0,0.3
2025,8/3/25,Emerald Lake,19A,19,37,5,Post,Castilleja,C,Boraginaceae,Mertensia,ciliata,MECI,forb,perennial,2,4,0,0.02
2025,8/3/25,Emerald Lake,19A,19,37,5,Post,Castilleja,C,Polygonaceae,Rumex,salicifolius,RUSA,forb,perennial,7,1,0,0.07
2025,8/3/25,Emerald Lake,19A,19,37,5,Post,Castilleja,C,Asteraceae,Senecio,crassulus,SECR,forb,perennial,5,7,1,0.05
2025,8/3/25,Emerald Lake,19A,19,37,5,Post,Castilleja,C,Caprifoliaceae,Valeriana,occidentalis,VAOC,forb,perennial,1,3,0,0.01
2025,8/3/25,Emerald Lake,19A,19,37,5,Post,Castilleja,C,Poaceae,Elymus,glaucus,ELGL,grass,perennial,5,7,0,0.05
2025,8/3/25,Emerald Lake,19A,19,37,5,Post,Castilleja,C,Poaceae,Melica,spectabilis,MESP,grass,perennial,10,6,1,0.1
2025,8/3/25,Emerald Lake,19A,19,37,5,Post,Castilleja,C,Poaceae,Poa,pratensis,POPR,grass,perennial,2,3,0,0.02
2025,8/3/25,Emerald Lake,19A,19,37,5,Post,Castilleja,C,Orobanchaceae,Castilleja,septentrionalis,CASE,hemiparasite,perennial,4,1,0,0.04
2025,8/3/25,Emerald Lake,19A,19,37,5,Post,Castilleja,C,Cyperaceae,Carex,Hoodii,CAHO,sedge,perennial,1,1,0,0.01
2025,8/3/25,Emerald Lake,19B,19,38,5,Post,Castilleja,R,,,,bare,environmental,,25,0,0,0.25
2025,8/3/25,Emerald Lake,19B,19,38,5,Post,Castilleja,R,,,,litter,environmental,,10,0,0,0.1
2025,8/3/25,Emerald Lake,19B,19,38,5,Post,Castilleja,R,,,,rock,environmental,,0,0,0,0
2025,8/3/25,Emerald Lake,19B,19,38,5,Post,Castilleja,R,Primulaceae,Androsace,septentrionalis,ANSE,forb,annual,0.5,1,0,0.005
2025,8/3/25,Emerald Lake,19B,19,38,5,Post,Castilleja,R,Brassicaceae,Barbarea,vulgaris,BAVU,forb,biennial,0.2,2,0,0.002
2025,8/3/25,Emerald Lake,19B,19,38,5,Post,Castilleja,R,Onagraceae,Chamaenuerion,angustifolium,CHAN,forb,perennial,25,19,0,0.25
2025,8/3/25,Emerald Lake,19B,19,38,5,Post,Castilleja,R,Asteraceae,Erigeron,elatior,EREL,forb,perennial,10,12,0,0.1
2025,8/3/25,Emerald Lake,19B,19,38,5,Post,Castilleja,R,Geraniaceae,Geranium,richardsonii,GERI,forb,perennial,3,1,0,0.03
2025,8/3/25,Emerald Lake,19B,19,38,5,Post,Castilleja,R,Asteraceae,Hymenoxys,hoopesii,HYHO,forb,perennial,5,2,0,0.05
2025,8/3/25,Emerald Lake,19B,19,38,5,Post,Castilleja,R,Boraginaceae,Mertensia,ciliata,MECI,forb,perennial,6,5,0,0.06
2025,8/3/25,Emerald Lake,19B,19,38,5,Post,Castilleja,R,Asteraceae,Senecio,crassulus,SECR,forb,perennial,8,12,0,0.08
2025,8/3/25,Emerald Lake,19B,19,38,5,Post,Castilleja,R,Caryophyllaceae,Silene,drummondii,SIDR,forb,perennial,1,2,0,0.01
2025,8/3/25,Emerald Lake,19B,19,38,5,Post,Castilleja,R,Violaceae,Viola,nuttallii,VINU,forb,perennial,3,7,0,0.03
2025,8/3/25,Emerald Lake,19B,19,38,5,Post,Castilleja,R,Poaceae,Elymus,glaucus,ELGL,grass,perennial,5,15,0,0.05
2025,8/3/25,Emerald Lake,19B,19,38,5,Post,Castilleja,R,Poaceae,Melica,spectabilis,MESP,grass,perennial,5,6,0,0.05
2025,8/3/25,Emerald Lake,19B,19,38,5,Post,Castilleja,R,Poaceae,Poa,pratensis,POPR,grass,perennial,1,3,0,0.01
2025,8/3/25,Emerald Lake,19B,19,38,5,Post,Castilleja,R,Fabaceae,Lupinus,argenteus,LUAR,legume,perennial,30,5,0,0.3
2025,8/3/25,Emerald Lake,20A,20,39,4,Post,Mixed,C,,,,bare,environmental,,15,0,0,0.15
2025,8/3/25,Emerald Lake,20A,20,39,4,Post,Mixed,C,,,,litter,environmental,,3,0,0,0.03
2025,8/3/25,Emerald Lake,20A,20,39,4,Post,Mixed,C,,,,rock,environmental,,0,0,0,0
2025,8/3/25,Emerald Lake,20A,20,39,4,Post,Mixed,C,Brassicaceae,Barbarea,vulgaris,BAVU,forb,biennial,0.5,4,0,0.005
2025,8/3/25,Emerald Lake,20A,20,39,4,Post,Mixed,C,Onagraceae,Chamaenuerion,angustifolium,CHAN,forb,perennial,4,2,0,0.04
2025,8/3/25,Emerald Lake,20A,20,39,4,Post,Mixed,C,Brassicaceae,Descurainia,sophia,DESO,forb,perennial,0.5,3,0,0.005
2025,8/3/25,Emerald Lake,20A,20,39,4,Post,Mixed,C,Asteraceae,Erigeron,coulteri,ERCO,forb,perennial,1,1,0,0.01
2025,8/3/25,Emerald Lake,20A,20,39,4,Post,Mixed,C,Liliaceae,Erythronium,grandiflorum,ERGR,forb,perennial,0.5,2,0,0.005
2025,8/3/25,Emerald Lake,20A,20,39,4,Post,Mixed,C,Geraniaceae,Geranium,richardsonii,GERI,forb,perennial,15,5,1,0.15
2025,8/3/25,Emerald Lake,20A,20,39,4,Post,Mixed,C,Apiaceae,Heracleum,maximum,HEMA,forb,perennial,10,3,1,0.1
2025,8/3/25,Emerald Lake,20A,20,39,4,Post,Mixed,C,Boraginaceae,Hydrophyllum,capitatum,HYCA,forb,perennial,0.5,1,0,0.005
2025,8/3/25,Emerald Lake,20A,20,39,4,Post,Mixed,C,Boraginaceae,Mertensia,ciliata,MECI,forb,perennial,5,2,0,0.05
2025,8/3/25,Emerald Lake,20A,20,39,4,Post,Mixed,C,Plantaginaceae,Plantago,tweedyi,PLTW,forb,perennial,0.5,1,0,0.005
2025,8/3/25,Emerald Lake,20A,20,39,4,Post,Mixed,C,Rosaceae,Potentilla,gracilis,POGR,forb,perennial,7,5,1,0.07
2025,8/3/25,Emerald Lake,20A,20,39,4,Post,Mixed,C,Ranunculaceae,Ranunculus,inamoenus,RAIN,forb,perennial,1,3,0,0.01
2025,8/3/25,Emerald Lake,20A,20,39,4,Post,Mixed,C,Asteraceae,Senecio,crassulus,SECR,forb,perennial,12,4,0,0.12
2025,8/3/25,Emerald Lake,20A,20,39,4,Post,Mixed,C,Asteraceae,Taraxicum,officinale,TAOF,forb,perennial,1,1,0,0.01
2025,8/3/25,Emerald Lake,20A,20,39,4,Post,Mixed,C,Caprifoliaceae,Valeriana,occidentalis,VAOC,forb,perennial,2,5,0,0.02
2025,8/3/25,Emerald Lake,20A,20,39,4,Post,Mixed,C,Poaceae,Bromus,pumpellianus,BRPU,grass,perennial,1,2,0,0.01
2025,8/3/25,Emerald Lake,20A,20,39,4,Post,Mixed,C,Poaceae,Elymus,glaucus,ELGL,grass,perennial,5,12,1,0.05
2025,8/3/25,Emerald Lake,20A,20,39,4,Post,Mixed,C,Poaceae,Melica,spectabilis,MESP,grass,perennial,10,7,1,0.1
2025,8/3/25,Emerald Lake,20A,20,39,4,Post,Mixed,C,Orobanchaceae,Castilleja,septentrionalis,CASE,hemiparasite,perennial,12,4,0,0.12
2025,8/3/25,Emerald Lake,20A,20,39,4,Post,Mixed,C,Fabaceae,Lupinus,argenteus,LUAR,legume,perennial,30,5,1,0.3
2025,8/3/25,Emerald Lake,20A,20,39,4,Post,Mixed,C,Fabaceae,Trifolium,hybridum,TRHY,legume,perennial,6,3,0,0.06
2025,8/3/25,Emerald Lake,20B,20,40,4,Post,Mixed,R,,,,bare,environmental,,60,0,0,0.6
2025,8/3/25,Emerald Lake,20B,20,40,4,Post,Mixed,R,,,,litter,environmental,,5,0,0,0.05
2025,8/3/25,Emerald Lake,20B,20,40,4,Post,Mixed,R,,,,rock,environmental,,1,0,0,0.01
2025,8/3/25,Emerald Lake,20B,20,40,4,Post,Mixed,R,Brassicaceae,Barbarea,vulgaris,BAVU,forb,biennial,0.1,1,0,0.001
2025,8/3/25,Emerald Lake,20B,20,40,4,Post,Mixed,R,Onagraceae,Chamaenuerion,angustifolium,CHAN,forb,perennial,1,1,0,0.01
2025,8/3/25,Emerald Lake,20B,20,40,4,Post,Mixed,R,Brassicaceae,Descurainia,sophia,DESO,forb,perennial,0.1,1,0,0.001
2025,8/3/25,Emerald Lake,20B,20,40,4,Post,Mixed,R,Brassicaceae ,Draba,spectabilis,DRSP,forb,perennial,5,7,0,0.05
2025,8/3/25,Emerald Lake,20B,20,40,4,Post,Mixed,R,Asteraceae,Erigeron,coulteri,ERCO,forb,perennial,1,2,0,0.01
2025,8/3/25,Emerald Lake,20B,20,40,4,Post,Mixed,R,Apiaceae,Heracleum,maximum,HEMA,forb,perennial,25,2,0,0.25
2025,8/3/25,Emerald Lake,20B,20,40,4,Post,Mixed,R,Asteraceae,Hymenoxys,hoopesii,HYHO,forb,perennial,5,2,0,0.05
2025,8/3/25,Emerald Lake,20B,20,40,4,Post,Mixed,R,Boraginaceae,Mertensia,ciliata,MECI,forb,perennial,2,3,0,0.02
2025,8/3/25,Emerald Lake,20B,20,40,4,Post,Mixed,R,Rosaceae,Potentilla,gracilis,POGR,forb,perennial,3,1,0,0.03
2025,8/3/25,Emerald Lake,20B,20,40,4,Post,Mixed,R,Asteraceae,Senecio,crassulus,SECR,forb,perennial,3,5,0,0.03
2025,8/3/25,Emerald Lake,20B,20,40,4,Post,Mixed,R,Poaceae,Elymus,glaucus,ELGL,grass,perennial,3,10,0,0.03
2025,8/3/25,Emerald Lake,20B,20,40,4,Post,Mixed,R,Fabaceae,Lupinus,argenteus,LUAR,legume,perennial,10,3,0,0.1