"Year","Date","Site","Field.plot","Pair","Plot","Treatment","Achnatherum.sp.","Agoseris.sp.","Castilleja.septentrionalis","Taraxacum.officinale","Elymus.lanceolatus","Erigeron.subtrinervis","Lathyrus.lanszwertii","Poa.pratensis","Deschampsia.cespitosa","Potentilla.pulcherrima","Thalictrum.fendleri","Achillea.millefolium","Ipomopsis.aggregata","Valeriana.occidentalis","Solidago.multiradiata","Boechera.stricta","Artemisia.dracunculus","Dactylis.glomerata","Carex.sp.","Fragaria.virginiana","Anemone.multifida","Hymenoxys.hoopesii","Senecio.crassulus","Cirsium.griseum","Pyrrocoma.crocea","Phleum.alpinum","Draba.spectabilis","Erigeron.leiomerus","Poa.alpina","Erigeron.coulteri","Eremogone.congesta","Valeriana.edulis","Delphinium.barbeyi","Viola.adunca","Androsace.septentrionales","Aquilegia.coerulea","Astragalus.alpinus","Botrychium.sp.","Bromus.inermis","Campanula.petiolata","Carex.sp...obtusata..geyeri.","Carex.pityophila","Carex.sp...chalciolepis..ebenea..egglestonii..hoodii..","Chenopodium.atrovirens","Cymopterus.lemmonii","Danthonia.parryi","Delphinium.nuttalianum","Erigeron.speciosus","Eriogonum.umbellatum.majus","Frasera.speciosa","Galium.boreale","Gentiana.parryi","Helianthella.quinquenerva","Heterotheca.sp.","Lomatium.triternatum","Lupinus.argenteus","Maianthemum.stellatum","Mertensia.brevistyla","Moehringia.sp.","Noccaea.fendleri","Oreochrysum.parryi","Poa.compressa","Poa.fendleriana","Polygonum.sp.","Populus.balsamifera","Potentilla.glaucophylla","Sedum.lanceolatum","Sibbaldia.procumbens","Silene.drummondii","Trisetum.canescens","Trisetum.spicatum","Vicia.americana"
2023,"7/25/23","Avery","E1",1,1,"Castilleja",0,15,1,16,3,5,7,10,0,10,0,0,0,0,0,0,0,0,0,0,0,0,0,0,0,0,0,0,0,0,0,0,0,0,NA,NA,NA,NA,NA,NA,NA,NA,NA,NA,NA,NA,NA,NA,NA,NA,NA,NA,NA,NA,NA,NA,NA,NA,NA,NA,NA,NA,NA,NA,NA,NA,NA,NA,NA,NA,NA,NA
2023,"7/25/23","Avery","E1C",1,2,"Control",0,7,0,6,4,1,4,6,0,2,0,0,0,0,0,0,0,0,0,0,0,0,0,0,0,0,0,0,0,0,0,0,0,0,NA,NA,NA,NA,NA,NA,NA,NA,NA,NA,NA,NA,NA,NA,NA,NA,NA,NA,NA,NA,NA,NA,NA,NA,NA,NA,NA,NA,NA,NA,NA,NA,NA,NA,NA,NA,NA,NA
2023,"7/25/23","Avery","E2",2,3,"Castilleja",3,0,1,8,0,1,0,1,0,2,0,0,0,0,0,0,0,0,0,0,0,0,0,0,0,0,0,0,0,0,0,0,0,0,NA,NA,NA,NA,NA,NA,NA,NA,NA,NA,NA,NA,NA,NA,NA,NA,NA,NA,NA,NA,NA,NA,NA,NA,NA,NA,NA,NA,NA,NA,NA,NA,NA,NA,NA,NA,NA,NA
2023,"7/25/23","Avery","E2C",2,4,"Control",1,0,0,4,1,6,0,12,0,4,0,0,0,0,0,0,0,0,0,0,0,0,0,0,0,0,0,0,0,0,0,0,0,0,NA,NA,NA,NA,NA,NA,NA,NA,NA,NA,NA,NA,NA,NA,NA,NA,NA,NA,NA,NA,NA,NA,NA,NA,NA,NA,NA,NA,NA,NA,NA,NA,NA,NA,NA,NA,NA,NA
2023,"7/26/23","Avery","E3",3,5,"Castilleja",0,0,2,5,1,8,0,12,0,3,0,0,0,0,0,0,0,0,0,0,0,0,0,0,0,0,0,0,0,0,0,0,0,0,NA,NA,NA,NA,NA,NA,NA,NA,NA,NA,NA,NA,NA,NA,NA,NA,NA,NA,NA,NA,NA,NA,NA,NA,NA,NA,NA,NA,NA,NA,NA,NA,NA,NA,NA,NA,NA,NA
2023,"7/26/23","Avery","E3C",3,6,"Control",0,3,0,4,4,2,1,5,0,3,0,0,0,0,0,0,0,0,0,0,0,0,0,0,0,0,0,0,0,0,0,0,0,0,NA,NA,NA,NA,NA,NA,NA,NA,NA,NA,NA,NA,NA,NA,NA,NA,NA,NA,NA,NA,NA,NA,NA,NA,NA,NA,NA,NA,NA,NA,NA,NA,NA,NA,NA,NA,NA,NA
2023,"7/26/23","Avery","E4",4,7,"Castilleja",0,3,1,5,1,5,0,13,0,6,1,0,0,0,0,0,0,0,0,0,0,0,0,0,0,0,0,0,0,0,0,0,0,0,NA,NA,NA,NA,NA,NA,NA,NA,NA,NA,NA,NA,NA,NA,NA,NA,NA,NA,NA,NA,NA,NA,NA,NA,NA,NA,NA,NA,NA,NA,NA,NA,NA,NA,NA,NA,NA,NA
2023,"7/26/23","Avery","E4C",4,8,"Control",0,3,0,8,0,8,0,11,0,5,0,0,0,0,0,0,0,0,0,0,0,0,0,0,0,0,0,0,0,0,0,0,0,0,NA,NA,NA,NA,NA,NA,NA,NA,NA,NA,NA,NA,NA,NA,NA,NA,NA,NA,NA,NA,NA,NA,NA,NA,NA,NA,NA,NA,NA,NA,NA,NA,NA,NA,NA,NA,NA,NA
2023,"7/26/23","Avery","E5",5,9,"Castilleja",0,3,1,13,1,0,0,13,0,3,0,0,0,0,0,0,0,0,0,0,0,0,0,0,0,0,0,0,0,0,0,0,0,0,NA,NA,NA,NA,NA,NA,NA,NA,NA,NA,NA,NA,NA,NA,NA,NA,NA,NA,NA,NA,NA,NA,NA,NA,NA,NA,NA,NA,NA,NA,NA,NA,NA,NA,NA,NA,NA,NA
2023,"7/26/23","Avery","E5C",5,10,"Control",0,0,0,4,2,0,0,10,0,0,0,4,0,0,0,0,0,0,0,0,0,0,0,0,0,0,0,0,0,0,0,0,0,0,NA,NA,NA,NA,NA,NA,NA,NA,NA,NA,NA,NA,NA,NA,NA,NA,NA,NA,NA,NA,NA,NA,NA,NA,NA,NA,NA,NA,NA,NA,NA,NA,NA,NA,NA,NA,NA,NA
2023,"7/26/23","Avery","E6",6,11,"Castilleja",1,0,1,3,5,0,0,5,0,2,6,0,0,0,0,0,0,0,0,0,0,0,0,0,0,0,0,0,0,0,0,0,0,0,NA,NA,NA,NA,NA,NA,NA,NA,NA,NA,NA,NA,NA,NA,NA,NA,NA,NA,NA,NA,NA,NA,NA,NA,NA,NA,NA,NA,NA,NA,NA,NA,NA,NA,NA,NA,NA,NA
2023,"7/26/23","Avery","E6C",6,12,"Control",1,1,0,3,0,2,0,6,0,1,0,0,0,0,0,0,0,0,0,0,0,0,0,0,0,0,0,0,0,0,0,0,0,0,NA,NA,NA,NA,NA,NA,NA,NA,NA,NA,NA,NA,NA,NA,NA,NA,NA,NA,NA,NA,NA,NA,NA,NA,NA,NA,NA,NA,NA,NA,NA,NA,NA,NA,NA,NA,NA,NA
2023,"7/26/23","Avery","E7",7,13,"Castilleja",2,5,1,7,0,3,0,9,0,1,0,0,0,0,0,0,0,0,0,0,0,0,0,0,0,0,0,0,0,0,0,0,0,0,NA,NA,NA,NA,NA,NA,NA,NA,NA,NA,NA,NA,NA,NA,NA,NA,NA,NA,NA,NA,NA,NA,NA,NA,NA,NA,NA,NA,NA,NA,NA,NA,NA,NA,NA,NA,NA,NA
2023,"7/26/23","Avery","E7C",7,14,"Control",1,0,0,2,2,0,0,11,0,1,3,0,0,1,0,0,0,0,0,0,0,0,0,0,0,0,0,0,0,0,0,0,0,0,NA,NA,NA,NA,NA,NA,NA,NA,NA,NA,NA,NA,NA,NA,NA,NA,NA,NA,NA,NA,NA,NA,NA,NA,NA,NA,NA,NA,NA,NA,NA,NA,NA,NA,NA,NA,NA,NA
2023,"7/27/23","Avery","E8",8,15,"Castilleja",0,1,1,7,3,0,0,12,0,1,0,2,0,0,1,0,0,0,0,0,0,0,0,0,0,0,0,0,0,0,0,0,0,0,NA,NA,NA,NA,NA,NA,NA,NA,NA,NA,NA,NA,NA,NA,NA,NA,NA,NA,NA,NA,NA,NA,NA,NA,NA,NA,NA,NA,NA,NA,NA,NA,NA,NA,NA,NA,NA,NA
2023,"7/27/23","Avery","E8C",8,16,"Control",0,0,0,3,0,1,0,6,0,0,0,0,0,0,1,0,0,0,0,0,0,0,0,0,0,0,0,0,0,0,0,0,0,0,NA,NA,NA,NA,NA,NA,NA,NA,NA,NA,NA,NA,NA,NA,NA,NA,NA,NA,NA,NA,NA,NA,NA,NA,NA,NA,NA,NA,NA,NA,NA,NA,NA,NA,NA,NA,NA,NA
2023,"7/27/23","Avery","E9",9,17,"Castilleja",0,0,2,7,0,7,6,6,0,1,0,0,0,0,0,1,0,0,0,0,0,0,0,0,0,0,0,0,0,0,0,0,0,0,NA,NA,NA,NA,NA,NA,NA,NA,NA,NA,NA,NA,NA,NA,NA,NA,NA,NA,NA,NA,NA,NA,NA,NA,NA,NA,NA,NA,NA,NA,NA,NA,NA,NA,NA,NA,NA,NA
2023,"7/27/23","Avery","E9C",9,18,"Control",0,7,0,6,0,8,2,8,0,1,0,4,0,0,0,0,0,0,0,0,0,0,0,0,0,0,0,0,0,0,0,0,0,0,NA,NA,NA,NA,NA,NA,NA,NA,NA,NA,NA,NA,NA,NA,NA,NA,NA,NA,NA,NA,NA,NA,NA,NA,NA,NA,NA,NA,NA,NA,NA,NA,NA,NA,NA,NA,NA,NA
2023,"7/27/23","Avery","E10",10,19,"Castilleja",1,0,1,4,2,3,0,4,0,2,0,0,1,1,0,0,9,0,0,0,0,0,0,0,0,0,0,0,0,0,0,0,0,0,NA,NA,NA,NA,NA,NA,NA,NA,NA,NA,NA,NA,NA,NA,NA,NA,NA,NA,NA,NA,NA,NA,NA,NA,NA,NA,NA,NA,NA,NA,NA,NA,NA,NA,NA,NA,NA,NA
2023,"7/27/23","Avery","E10C",10,20,"Control",0,0,0,5,7,0,0,4,0,1,0,2,0,3,0,0,0,0,0,0,0,0,0,0,0,0,0,0,0,0,0,0,0,0,NA,NA,NA,NA,NA,NA,NA,NA,NA,NA,NA,NA,NA,NA,NA,NA,NA,NA,NA,NA,NA,NA,NA,NA,NA,NA,NA,NA,NA,NA,NA,NA,NA,NA,NA,NA,NA,NA
2023,"7/27/23","Avery","E11",11,21,"Castilleja",0,0,1,4,2,1,0,3,0,0,4,3,0,0,0,0,0,0,0,0,0,0,0,0,0,0,0,0,0,0,0,0,0,0,NA,NA,NA,NA,NA,NA,NA,NA,NA,NA,NA,NA,NA,NA,NA,NA,NA,NA,NA,NA,NA,NA,NA,NA,NA,NA,NA,NA,NA,NA,NA,NA,NA,NA,NA,NA,NA,NA
2023,"7/27/23","Avery","E11C",11,22,"Control",0,0,0,7,3,3,0,5,0,1,6,0,3,0,0,0,0,0,0,0,0,0,0,0,0,0,0,0,0,0,0,0,0,0,NA,NA,NA,NA,NA,NA,NA,NA,NA,NA,NA,NA,NA,NA,NA,NA,NA,NA,NA,NA,NA,NA,NA,NA,NA,NA,NA,NA,NA,NA,NA,NA,NA,NA,NA,NA,NA,NA
2023,"7/27/23","Avery","E12",12,23,"Castilleja",0,0,1,5,0,3,0,4,0,3,8,0,2,0,0,5,0,0,0,0,0,0,0,0,0,0,0,0,0,0,0,0,0,0,NA,NA,NA,NA,NA,NA,NA,NA,NA,NA,NA,NA,NA,NA,NA,NA,NA,NA,NA,NA,NA,NA,NA,NA,NA,NA,NA,NA,NA,NA,NA,NA,NA,NA,NA,NA,NA,NA
2023,"7/27/23","Avery","E12C",12,24,"Control",0,0,0,5,1,4,0,5,0,1,7,0,1,0,0,0,0,0,0,0,0,0,0,0,0,0,0,0,0,0,0,0,0,0,NA,NA,NA,NA,NA,NA,NA,NA,NA,NA,NA,NA,NA,NA,NA,NA,NA,NA,NA,NA,NA,NA,NA,NA,NA,NA,NA,NA,NA,NA,NA,NA,NA,NA,NA,NA,NA,NA
2023,"7/28/23","Avery","E13",13,25,"Castilleja",0,0,1,3,0,7,1,4,0,3,0,1,0,0,0,2,0,0,0,0,0,0,0,0,0,0,0,0,0,0,0,0,0,0,NA,NA,NA,NA,NA,NA,NA,NA,NA,NA,NA,NA,NA,NA,NA,NA,NA,NA,NA,NA,NA,NA,NA,NA,NA,NA,NA,NA,NA,NA,NA,NA,NA,NA,NA,NA,NA,NA
2023,"7/28/23","Avery","E13C",13,26,"Control",1,0,0,3,0,2,0,4,0,3,5,1,0,0,0,1,0,0,0,0,0,0,0,0,0,0,0,0,0,0,0,0,0,0,NA,NA,NA,NA,NA,NA,NA,NA,NA,NA,NA,NA,NA,NA,NA,NA,NA,NA,NA,NA,NA,NA,NA,NA,NA,NA,NA,NA,NA,NA,NA,NA,NA,NA,NA,NA,NA,NA
2023,"7/28/23","Avery","E14",14,27,"Castilleja",2,0,1,4,0,2,0,7,0,3,4,0,4,1,0,0,0,0,0,0,0,0,0,0,0,0,0,0,0,0,0,0,0,0,NA,NA,NA,NA,NA,NA,NA,NA,NA,NA,NA,NA,NA,NA,NA,NA,NA,NA,NA,NA,NA,NA,NA,NA,NA,NA,NA,NA,NA,NA,NA,NA,NA,NA,NA,NA,NA,NA
2023,"7/28/23","Avery","E14C",14,28,"Control",0,3,0,4,0,0,0,5,0,0,8,0,0,0,0,1,0,0,0,0,0,0,0,0,0,0,0,0,0,0,0,0,0,0,NA,NA,NA,NA,NA,NA,NA,NA,NA,NA,NA,NA,NA,NA,NA,NA,NA,NA,NA,NA,NA,NA,NA,NA,NA,NA,NA,NA,NA,NA,NA,NA,NA,NA,NA,NA,NA,NA
2023,"7/28/23","Avery","E15",15,29,"Castilleja",0,1,2,5,1,5,3,3,0,3,0,4,0,0,0,0,0,0,0,0,0,0,0,0,0,0,0,0,0,0,0,0,0,0,NA,NA,NA,NA,NA,NA,NA,NA,NA,NA,NA,NA,NA,NA,NA,NA,NA,NA,NA,NA,NA,NA,NA,NA,NA,NA,NA,NA,NA,NA,NA,NA,NA,NA,NA,NA,NA,NA
2023,"7/28/23","Avery","E15C",15,30,"Control",0,0,0,1,3,0,1,6,0,0,1,5,0,0,0,0,0,0,0,0,0,0,0,0,0,0,0,0,0,0,0,0,0,0,NA,NA,NA,NA,NA,NA,NA,NA,NA,NA,NA,NA,NA,NA,NA,NA,NA,NA,NA,NA,NA,NA,NA,NA,NA,NA,NA,NA,NA,NA,NA,NA,NA,NA,NA,NA,NA,NA
2023,"7/28/23","Avery","E16",16,31,"Castilleja",1,0,2,9,3,0,0,4,0,3,0,2,2,0,0,0,0,0,0,0,0,0,0,0,0,0,0,0,0,0,0,0,0,0,NA,NA,NA,NA,NA,NA,NA,NA,NA,NA,NA,NA,NA,NA,NA,NA,NA,NA,NA,NA,NA,NA,NA,NA,NA,NA,NA,NA,NA,NA,NA,NA,NA,NA,NA,NA,NA,NA
2023,"7/28/23","Avery","E16C",16,32,"Control",1,0,0,7,3,0,0,3,0,2,0,0,0,0,0,0,0,0,0,0,0,0,0,0,0,0,0,0,0,0,0,0,0,0,NA,NA,NA,NA,NA,NA,NA,NA,NA,NA,NA,NA,NA,NA,NA,NA,NA,NA,NA,NA,NA,NA,NA,NA,NA,NA,NA,NA,NA,NA,NA,NA,NA,NA,NA,NA,NA,NA
2023,"7/28/23","Avery","E17",17,33,"Castilleja",1,2,1,5,1,3,0,4,0,7,0,0,2,0,0,0,0,0,0,0,0,0,0,0,0,0,0,0,0,0,0,0,0,0,NA,NA,NA,NA,NA,NA,NA,NA,NA,NA,NA,NA,NA,NA,NA,NA,NA,NA,NA,NA,NA,NA,NA,NA,NA,NA,NA,NA,NA,NA,NA,NA,NA,NA,NA,NA,NA,NA
2023,"7/28/23","Avery","E17C",17,34,"Control",2,0,0,2,2,0,0,4,0,4,0,3,3,0,0,0,0,0,0,0,0,0,0,0,0,0,0,0,0,0,0,0,0,0,NA,NA,NA,NA,NA,NA,NA,NA,NA,NA,NA,NA,NA,NA,NA,NA,NA,NA,NA,NA,NA,NA,NA,NA,NA,NA,NA,NA,NA,NA,NA,NA,NA,NA,NA,NA,NA,NA
2023,"7/28/23","Avery","E18",18,35,"Castilleja",0,1,1,7,0,0,0,4,0,4,0,0,3,0,0,0,0,0,0,0,0,0,0,0,0,0,0,0,0,0,0,0,0,0,NA,NA,NA,NA,NA,NA,NA,NA,NA,NA,NA,NA,NA,NA,NA,NA,NA,NA,NA,NA,NA,NA,NA,NA,NA,NA,NA,NA,NA,NA,NA,NA,NA,NA,NA,NA,NA,NA
2023,"7/28/23","Avery","E18C",18,36,"Control",1,1,0,9,0,3,0,4,0,8,0,0,1,0,0,0,0,0,0,0,0,0,0,0,0,0,0,0,0,0,0,0,0,0,NA,NA,NA,NA,NA,NA,NA,NA,NA,NA,NA,NA,NA,NA,NA,NA,NA,NA,NA,NA,NA,NA,NA,NA,NA,NA,NA,NA,NA,NA,NA,NA,NA,NA,NA,NA,NA,NA
2023,"7/28/23","Avery","E19",19,37,"Castilleja",0,0,1,4,0,3,0,3,0,1,0,3,1,0,0,0,0,2,0,0,0,0,0,0,0,0,0,0,0,0,0,0,0,0,NA,NA,NA,NA,NA,NA,NA,NA,NA,NA,NA,NA,NA,NA,NA,NA,NA,NA,NA,NA,NA,NA,NA,NA,NA,NA,NA,NA,NA,NA,NA,NA,NA,NA,NA,NA,NA,NA
2023,"7/28/23","Avery","E19C",19,38,"Control",0,0,0,3,2,0,0,4,0,1,1,2,0,0,0,0,0,3,0,0,0,0,0,0,0,0,0,0,0,0,0,0,0,0,NA,NA,NA,NA,NA,NA,NA,NA,NA,NA,NA,NA,NA,NA,NA,NA,NA,NA,NA,NA,NA,NA,NA,NA,NA,NA,NA,NA,NA,NA,NA,NA,NA,NA,NA,NA,NA,NA
2023,"7/28/23","Avery","E20",20,39,"Castilleja",0,0,1,4,2,1,0,4,0,3,0,0,0,0,0,0,0,0,0,0,0,0,0,0,0,0,0,0,0,0,0,0,0,0,NA,NA,NA,NA,NA,NA,NA,NA,NA,NA,NA,NA,NA,NA,NA,NA,NA,NA,NA,NA,NA,NA,NA,NA,NA,NA,NA,NA,NA,NA,NA,NA,NA,NA,NA,NA,NA,NA
2023,"7/28/23","Avery","E20C",20,40,"Control",0,0,0,12,0,4,0,4,0,2,0,0,1,0,0,0,0,0,0,0,0,0,0,0,0,0,0,0,0,0,0,0,0,0,NA,NA,NA,NA,NA,NA,NA,NA,NA,NA,NA,NA,NA,NA,NA,NA,NA,NA,NA,NA,NA,NA,NA,NA,NA,NA,NA,NA,NA,NA,NA,NA,NA,NA,NA,NA,NA,NA
2023,"7/31/23","Emerald Lake","F1",61,121,"Castilleja",0,0,1,7,0,0,0,0,8,9,0,6,0,0,0,0,0,0,0,9,3,0,6,0,0,0,0,0,0,0,0,0,0,0,NA,NA,NA,NA,NA,NA,NA,NA,NA,NA,NA,NA,NA,NA,NA,NA,NA,NA,NA,NA,NA,NA,NA,NA,NA,NA,NA,NA,NA,NA,NA,NA,NA,NA,NA,NA,NA,NA
2023,"7/31/23","Emerald Lake","F1C",61,122,"Control",0,3,0,2,2,0,0,0,6,7,0,9,0,0,0,0,0,0,2,11,1,0,4,0,0,0,0,0,0,0,0,0,0,0,NA,NA,NA,NA,NA,NA,NA,NA,NA,NA,NA,NA,NA,NA,NA,NA,NA,NA,NA,NA,NA,NA,NA,NA,NA,NA,NA,NA,NA,NA,NA,NA,NA,NA,NA,NA,NA,NA
2023,"7/31/23","Emerald Lake","F2",62,123,"Castilleja",0,1,1,1,0,0,0,0,3,9,4,5,0,0,0,0,0,0,0,10,7,2,3,1,3,0,0,0,0,0,0,0,0,0,NA,NA,NA,NA,NA,NA,NA,NA,NA,NA,NA,NA,NA,NA,NA,NA,NA,NA,NA,NA,NA,NA,NA,NA,NA,NA,NA,NA,NA,NA,NA,NA,NA,NA,NA,NA,NA,NA
2023,"7/31/23","Emerald Lake","F2C",62,124,"Control",0,2,0,3,2,0,0,0,6,8,3,3,0,0,0,0,0,0,0,6,6,1,1,0,2,0,0,0,0,0,0,0,0,0,NA,NA,NA,NA,NA,NA,NA,NA,NA,NA,NA,NA,NA,NA,NA,NA,NA,NA,NA,NA,NA,NA,NA,NA,NA,NA,NA,NA,NA,NA,NA,NA,NA,NA,NA,NA,NA,NA
2023,"7/31/23","Emerald Lake","F3",63,125,"Castilleja",0,3,1,3,1,0,0,0,7,6,0,10,0,0,0,0,0,0,0,4,4,0,5,0,0,1,15,0,0,0,0,0,0,0,NA,NA,NA,NA,NA,NA,NA,NA,NA,NA,NA,NA,NA,NA,NA,NA,NA,NA,NA,NA,NA,NA,NA,NA,NA,NA,NA,NA,NA,NA,NA,NA,NA,NA,NA,NA,NA,NA
2023,"7/31/23","Emerald Lake","F3C",63,126,"Control",0,3,0,0,0,0,0,0,6,6,4,5,0,0,0,0,0,0,1,5,3,0,1,0,7,0,15,0,2,0,0,0,0,0,NA,NA,NA,NA,NA,NA,NA,NA,NA,NA,NA,NA,NA,NA,NA,NA,NA,NA,NA,NA,NA,NA,NA,NA,NA,NA,NA,NA,NA,NA,NA,NA,NA,NA,NA,NA,NA,NA
2023,"7/31/23","Emerald Lake","F4",64,127,"Castilleja",0,1,1,0,1,0,0,0,4,7,0,6,0,0,0,0,0,0,2,13,2,1,6,0,0,0,15,0,0,0,0,0,0,0,NA,NA,NA,NA,NA,NA,NA,NA,NA,NA,NA,NA,NA,NA,NA,NA,NA,NA,NA,NA,NA,NA,NA,NA,NA,NA,NA,NA,NA,NA,NA,NA,NA,NA,NA,NA,NA,NA
2023,"7/31/23","Emerald Lake","F4C",64,128,"Control",0,1,0,0,4,0,0,0,5,5,0,1,0,0,0,0,0,0,4,5,3,0,3,0,0,0,15,0,0,0,0,0,0,0,NA,NA,NA,NA,NA,NA,NA,NA,NA,NA,NA,NA,NA,NA,NA,NA,NA,NA,NA,NA,NA,NA,NA,NA,NA,NA,NA,NA,NA,NA,NA,NA,NA,NA,NA,NA,NA,NA
2023,"8/1/23","Emerald Lake","F5",65,129,"Castilleja",0,2,2,5,0,0,0,0,8,8,0,7,0,0,0,0,0,0,0,8,1,0,4,1,0,0,0,0,0,15,0,0,0,0,NA,NA,NA,NA,NA,NA,NA,NA,NA,NA,NA,NA,NA,NA,NA,NA,NA,NA,NA,NA,NA,NA,NA,NA,NA,NA,NA,NA,NA,NA,NA,NA,NA,NA,NA,NA,NA,NA
2023,"8/1/23","Emerald Lake","F5C",65,130,"Control",0,1,0,5,0,0,0,0,7,6,3,9,0,0,0,0,0,0,3,8,0,0,5,0,0,1,0,0,0,1,0,0,0,0,NA,NA,NA,NA,NA,NA,NA,NA,NA,NA,NA,NA,NA,NA,NA,NA,NA,NA,NA,NA,NA,NA,NA,NA,NA,NA,NA,NA,NA,NA,NA,NA,NA,NA,NA,NA,NA,NA
2023,"8/1/23","Emerald Lake","F6",66,131,"Castilleja",0,2,2,2,2,0,0,0,6,7,3,13,0,0,0,0,0,0,0,2,2,0,5,0,0,0,0,0,2,2,7,0,0,0,NA,NA,NA,NA,NA,NA,NA,NA,NA,NA,NA,NA,NA,NA,NA,NA,NA,NA,NA,NA,NA,NA,NA,NA,NA,NA,NA,NA,NA,NA,NA,NA,NA,NA,NA,NA,NA,NA
2023,"8/1/23","Emerald Lake","F6C",66,132,"Control",0,0,0,3,3,0,0,0,4,4,0,11,0,0,0,0,0,0,0,4,1,0,1,0,0,0,15,0,2,0,2,0,0,0,NA,NA,NA,NA,NA,NA,NA,NA,NA,NA,NA,NA,NA,NA,NA,NA,NA,NA,NA,NA,NA,NA,NA,NA,NA,NA,NA,NA,NA,NA,NA,NA,NA,NA,NA,NA,NA,NA
2023,"8/1/23","Emerald Lake","F7",67,133,"Castilleja",0,4,1,3,1,0,0,0,4,9,0,5,0,0,0,0,0,0,0,3,9,0,2,0,0,0,15,0,0,0,0,0,0,0,NA,NA,NA,NA,NA,NA,NA,NA,NA,NA,NA,NA,NA,NA,NA,NA,NA,NA,NA,NA,NA,NA,NA,NA,NA,NA,NA,NA,NA,NA,NA,NA,NA,NA,NA,NA,NA,NA
2023,"8/1/23","Emerald Lake","F7C",67,134,"Control",0,2,0,0,0,0,0,0,7,8,0,13,0,0,0,0,0,0,0,4,4,0,1,0,0,1,15,0,0,0,0,0,0,0,NA,NA,NA,NA,NA,NA,NA,NA,NA,NA,NA,NA,NA,NA,NA,NA,NA,NA,NA,NA,NA,NA,NA,NA,NA,NA,NA,NA,NA,NA,NA,NA,NA,NA,NA,NA,NA,NA
2023,"8/1/23","Emerald Lake","F8",68,135,"Castilleja",0,1,1,2,3,0,0,0,6,9,0,8,0,0,0,0,0,0,1,4,4,0,10,0,0,0,15,0,4,0,0,0,0,0,NA,NA,NA,NA,NA,NA,NA,NA,NA,NA,NA,NA,NA,NA,NA,NA,NA,NA,NA,NA,NA,NA,NA,NA,NA,NA,NA,NA,NA,NA,NA,NA,NA,NA,NA,NA,NA,NA
2023,"8/1/23","Emerald Lake","F8C",68,136,"Control",0,4,0,0,0,0,0,0,7,9,0,0,0,0,0,0,0,0,1,7,6,0,6,1,0,0,0,0,0,1,0,0,0,0,NA,NA,NA,NA,NA,NA,NA,NA,NA,NA,NA,NA,NA,NA,NA,NA,NA,NA,NA,NA,NA,NA,NA,NA,NA,NA,NA,NA,NA,NA,NA,NA,NA,NA,NA,NA,NA,NA
2023,"8/1/23","Emerald Lake","F9",69,137,"Castilleja",0,1,1,0,3,0,0,0,2,7,0,0,0,0,0,0,0,0,0,8,4,0,8,0,5,0,15,0,1,0,0,0,0,0,NA,NA,NA,NA,NA,NA,NA,NA,NA,NA,NA,NA,NA,NA,NA,NA,NA,NA,NA,NA,NA,NA,NA,NA,NA,NA,NA,NA,NA,NA,NA,NA,NA,NA,NA,NA,NA,NA
2023,"8/1/23","Emerald Lake","F9C",69,138,"Control",0,0,0,0,2,0,0,0,4,7,0,3,0,0,0,0,0,0,0,4,6,0,4,0,0,0,15,0,0,0,0,0,0,0,NA,NA,NA,NA,NA,NA,NA,NA,NA,NA,NA,NA,NA,NA,NA,NA,NA,NA,NA,NA,NA,NA,NA,NA,NA,NA,NA,NA,NA,NA,NA,NA,NA,NA,NA,NA,NA,NA
2023,"8/1/23","Emerald Lake","F10",70,139,"Castilleja",0,0,2,0,0,0,0,0,3,7,0,2,0,0,0,0,0,0,7,7,1,0,5,0,0,0,0,0,0,1,0,0,0,0,NA,NA,NA,NA,NA,NA,NA,NA,NA,NA,NA,NA,NA,NA,NA,NA,NA,NA,NA,NA,NA,NA,NA,NA,NA,NA,NA,NA,NA,NA,NA,NA,NA,NA,NA,NA,NA,NA
2023,"8/1/23","Emerald Lake","F10C",70,140,"Control",0,0,0,0,3,0,0,0,2,3,0,4,0,0,0,0,0,0,2,3,0,0,3,0,0,0,0,0,0,0,0,0,0,0,NA,NA,NA,NA,NA,NA,NA,NA,NA,NA,NA,NA,NA,NA,NA,NA,NA,NA,NA,NA,NA,NA,NA,NA,NA,NA,NA,NA,NA,NA,NA,NA,NA,NA,NA,NA,NA,NA
2023,"8/1/23","Emerald Lake","F11",71,141,"Castilleja",0,0,2,0,2,0,0,0,3,7,0,0,0,0,0,0,0,0,0,3,1,0,2,0,0,0,0,0,0,0,0,3,0,0,NA,NA,NA,NA,NA,NA,NA,NA,NA,NA,NA,NA,NA,NA,NA,NA,NA,NA,NA,NA,NA,NA,NA,NA,NA,NA,NA,NA,NA,NA,NA,NA,NA,NA,NA,NA,NA,NA
2023,"8/1/23","Emerald Lake","F11C",71,142,"Control",0,0,0,1,3,0,0,0,1,8,3,0,0,0,0,0,0,0,0,4,0,0,3,0,0,0,0,0,0,0,0,0,0,0,NA,NA,NA,NA,NA,NA,NA,NA,NA,NA,NA,NA,NA,NA,NA,NA,NA,NA,NA,NA,NA,NA,NA,NA,NA,NA,NA,NA,NA,NA,NA,NA,NA,NA,NA,NA,NA,NA
2023,"8/1/23","Emerald Lake","F12",72,143,"Castilleja",0,0,2,0,0,0,0,0,2,5,0,4,0,0,0,0,0,0,0,1,0,0,3,0,0,0,0,0,0,0,0,0,2,0,NA,NA,NA,NA,NA,NA,NA,NA,NA,NA,NA,NA,NA,NA,NA,NA,NA,NA,NA,NA,NA,NA,NA,NA,NA,NA,NA,NA,NA,NA,NA,NA,NA,NA,NA,NA,NA,NA
2023,"8/1/23","Emerald Lake","F12C",72,144,"Control",0,0,0,0,0,0,0,0,2,3,0,0,0,0,0,0,0,0,0,1,0,0,4,2,0,0,0,0,0,0,0,0,0,0,NA,NA,NA,NA,NA,NA,NA,NA,NA,NA,NA,NA,NA,NA,NA,NA,NA,NA,NA,NA,NA,NA,NA,NA,NA,NA,NA,NA,NA,NA,NA,NA,NA,NA,NA,NA,NA,NA
2023,"8/3/23","Emerald Lake","F13",73,145,"Castilleja",0,3,2,3,0,0,0,0,7,9,0,1,0,0,0,0,0,0,3,7,0,0,5,0,0,0,0,0,0,6,0,0,0,0,NA,NA,NA,NA,NA,NA,NA,NA,NA,NA,NA,NA,NA,NA,NA,NA,NA,NA,NA,NA,NA,NA,NA,NA,NA,NA,NA,NA,NA,NA,NA,NA,NA,NA,NA,NA,NA,NA
2023,"8/3/23","Emerald Lake","F13C",73,146,"Control",0,0,0,5,0,0,0,0,3,6,0,7,0,0,0,0,0,0,2,5,0,0,5,0,0,0,5,0,0,4,0,1,0,0,NA,NA,NA,NA,NA,NA,NA,NA,NA,NA,NA,NA,NA,NA,NA,NA,NA,NA,NA,NA,NA,NA,NA,NA,NA,NA,NA,NA,NA,NA,NA,NA,NA,NA,NA,NA,NA,NA
2023,"8/3/23","Emerald Lake","F14",74,147,"Castilleja",0,2,2,0,0,0,0,0,7,7,4,1,0,0,0,1,0,0,6,4,1,0,3,4,0,0,5,0,0,8,0,0,0,0,NA,NA,NA,NA,NA,NA,NA,NA,NA,NA,NA,NA,NA,NA,NA,NA,NA,NA,NA,NA,NA,NA,NA,NA,NA,NA,NA,NA,NA,NA,NA,NA,NA,NA,NA,NA,NA,NA
2023,"8/3/23","Emerald Lake","F14C",74,148,"Control",0,3,0,4,1,0,0,0,5,6,1,3,0,0,0,0,0,0,0,6,1,0,9,0,0,0,0,0,0,0,0,0,0,0,NA,NA,NA,NA,NA,NA,NA,NA,NA,NA,NA,NA,NA,NA,NA,NA,NA,NA,NA,NA,NA,NA,NA,NA,NA,NA,NA,NA,NA,NA,NA,NA,NA,NA,NA,NA,NA,NA
2023,"8/3/23","Emerald Lake","F15",75,149,"Castilleja",0,4,2,3,3,0,0,0,4,10,0,2,0,0,0,0,0,0,0,9,2,0,5,0,0,0,5,8,0,4,0,0,0,0,NA,NA,NA,NA,NA,NA,NA,NA,NA,NA,NA,NA,NA,NA,NA,NA,NA,NA,NA,NA,NA,NA,NA,NA,NA,NA,NA,NA,NA,NA,NA,NA,NA,NA,NA,NA,NA,NA
2023,"8/3/23","Emerald Lake","F15C",75,150,"Control",0,2,0,4,0,0,0,0,3,4,0,0,0,0,0,0,0,0,0,5,2,0,3,0,0,0,5,20,0,0,0,0,0,0,NA,NA,NA,NA,NA,NA,NA,NA,NA,NA,NA,NA,NA,NA,NA,NA,NA,NA,NA,NA,NA,NA,NA,NA,NA,NA,NA,NA,NA,NA,NA,NA,NA,NA,NA,NA,NA,NA
2023,"8/3/23","Emerald Lake","F16",76,151,"Castilleja",0,0,1,1,2,0,0,0,5,9,0,0,0,0,0,0,0,0,0,4,2,0,9,0,0,0,0,0,0,0,0,0,0,3,NA,NA,NA,NA,NA,NA,NA,NA,NA,NA,NA,NA,NA,NA,NA,NA,NA,NA,NA,NA,NA,NA,NA,NA,NA,NA,NA,NA,NA,NA,NA,NA,NA,NA,NA,NA,NA,NA
2023,"8/3/23","Emerald Lake","F16C",76,152,"Control",0,5,0,0,1,0,0,0,5,6,2,7,0,0,0,0,0,0,0,6,1,0,6,0,0,0,0,0,0,0,0,0,0,0,NA,NA,NA,NA,NA,NA,NA,NA,NA,NA,NA,NA,NA,NA,NA,NA,NA,NA,NA,NA,NA,NA,NA,NA,NA,NA,NA,NA,NA,NA,NA,NA,NA,NA,NA,NA,NA,NA
2023,"8/3/23","Emerald Lake","F17",77,153,"Castilleja",0,1,1,0,0,0,0,0,5,6,0,0,0,0,0,0,0,0,4,6,2,0,5,0,0,0,5,0,0,0,0,0,0,1,NA,NA,NA,NA,NA,NA,NA,NA,NA,NA,NA,NA,NA,NA,NA,NA,NA,NA,NA,NA,NA,NA,NA,NA,NA,NA,NA,NA,NA,NA,NA,NA,NA,NA,NA,NA,NA,NA
2023,"8/3/23","Emerald Lake","F17C",77,154,"Control",0,0,0,0,0,0,0,0,6,7,0,0,0,0,0,0,0,0,0,6,1,0,5,1,0,0,5,0,0,0,0,0,0,0,NA,NA,NA,NA,NA,NA,NA,NA,NA,NA,NA,NA,NA,NA,NA,NA,NA,NA,NA,NA,NA,NA,NA,NA,NA,NA,NA,NA,NA,NA,NA,NA,NA,NA,NA,NA,NA,NA
2023,"8/3/23","Emerald Lake","F18",78,155,"Castilleja",0,0,1,0,0,0,0,0,1,7,0,1,0,0,0,0,0,0,0,4,4,0,4,5,0,0,3,0,0,0,0,0,0,0,NA,NA,NA,NA,NA,NA,NA,NA,NA,NA,NA,NA,NA,NA,NA,NA,NA,NA,NA,NA,NA,NA,NA,NA,NA,NA,NA,NA,NA,NA,NA,NA,NA,NA,NA,NA,NA,NA
2023,"8/3/23","Emerald Lake","F18C",78,156,"Control",0,0,0,0,0,0,0,0,2,3,0,0,0,0,0,0,0,0,0,2,0,0,4,2,0,0,0,0,0,0,0,0,0,0,NA,NA,NA,NA,NA,NA,NA,NA,NA,NA,NA,NA,NA,NA,NA,NA,NA,NA,NA,NA,NA,NA,NA,NA,NA,NA,NA,NA,NA,NA,NA,NA,NA,NA,NA,NA,NA,NA
2023,"8/3/23","Emerald Lake","F19",79,157,"Castilleja",0,2,1,3,0,0,0,0,3,5,0,5,0,0,0,0,0,0,3,8,3,0,3,0,0,0,5,0,0,4,0,0,0,0,NA,NA,NA,NA,NA,NA,NA,NA,NA,NA,NA,NA,NA,NA,NA,NA,NA,NA,NA,NA,NA,NA,NA,NA,NA,NA,NA,NA,NA,NA,NA,NA,NA,NA,NA,NA,NA,NA
2023,"8/3/23","Emerald Lake","F19C",79,158,"Control",0,5,0,1,0,0,0,0,3,4,0,10,0,0,0,0,0,0,0,7,2,0,6,0,0,0,5,0,0,4,0,0,0,0,NA,NA,NA,NA,NA,NA,NA,NA,NA,NA,NA,NA,NA,NA,NA,NA,NA,NA,NA,NA,NA,NA,NA,NA,NA,NA,NA,NA,NA,NA,NA,NA,NA,NA,NA,NA,NA,NA
2023,"8/3/23","Emerald Lake","F20",80,159,"Castilleja",0,1,1,0,2,0,0,0,6,6,0,12,0,0,0,0,0,0,0,7,4,0,7,0,0,0,5,0,0,0,0,0,0,1,NA,NA,NA,NA,NA,NA,NA,NA,NA,NA,NA,NA,NA,NA,NA,NA,NA,NA,NA,NA,NA,NA,NA,NA,NA,NA,NA,NA,NA,NA,NA,NA,NA,NA,NA,NA,NA,NA
2023,"8/3/23","Emerald Lake","F20C",80,160,"Control",0,0,0,3,0,0,0,0,3,6,0,1,0,0,0,0,0,0,0,5,4,0,5,0,0,1,0,0,0,0,0,0,0,0,NA,NA,NA,NA,NA,NA,NA,NA,NA,NA,NA,NA,NA,NA,NA,NA,NA,NA,NA,NA,NA,NA,NA,NA,NA,NA,NA,NA,NA,NA,NA,NA,NA,NA,NA,NA,NA,NA
2024,"7/10/24","Avery","C1",21,41,"Castilleja",0,0,1,10,7,0,0,7,0,3,0,8,2,0,0,0,NA,0,NA,0,0,0,0,0,NA,0,0,0,0,0,0,0,NA,0,0,0,0,0,2,0,0,0,0,0,0,0,0,1,0,0,0,NA,0,0,0,0,0,0,0,0,0,0,0,0,0,0,0,NA,0,0,0,0
2024,"7/10/24","Avery","C1C",21,42,"Control",1,1,0,7,0,0,0,5,0,1,1,1,7,0,0,1,NA,0,NA,11,0,0,0,0,NA,0,0,0,0,0,0,0,NA,1,0,0,0,0,0,0,0,0,0,0,0,0,0,1,0,0,0,NA,0,0,0,0,0,0,0,0,0,0,0,0,0,0,0,NA,0,0,0,0
2024,"7/10/24","Avery","C2",22,43,"Castilleja",0,3,1,12,0,0,0,10,0,15,1,0,1,2,0,0,NA,4,NA,0,0,0,0,0,NA,0,0,0,0,0,0,0,NA,0,0,0,0,0,0,0,0,0,0,0,0,0,0,0,0,0,0,NA,0,0,0,0,0,0,0,0,0,0,0,0,0,0,0,NA,0,0,0,0
2024,"7/10/24","Avery","C2C",22,44,"Control",0,0,0,30,0,0,0,11,0,3,0,0,3,0,0,0,NA,3,NA,0,0,0,0,0,NA,0,0,0,0,4,0,0,NA,2,0,0,0,0,0,0,0,0,0,0,0,0,0,0,0,0,0,NA,0,0,0,0,0,0,0,0,0,0,0,0,0,0,0,NA,0,0,0,0
2024,"7/10/24","Avery","C3",23,45,"Castilleja",1,4,2,30,0,0,0,1,0,5,0,8,6,0,0,0,NA,3,NA,0,0,0,0,0,NA,0,0,0,0,4,0,0,NA,2,0,0,0,0,0,0,1,0,0,0,0,0,0,0,0,0,0,NA,0,0,0,0,0,0,0,0,0,1,0,0,0,0,0,NA,0,0,0,0
2024,"7/10/24","Avery","C3C",23,46,"Control",3,2,0,10,1,0,0,7,0,2,0,0,1,0,0,0,NA,0,NA,0,0,0,0,0,NA,0,0,0,0,0,0,0,NA,1,0,0,0,0,0,0,0,0,0,0,0,0,0,0,0,0,0,NA,0,0,0,0,0,0,0,0,0,2,0,0,0,0,0,NA,0,0,0,0
2024,"7/10/24","Avery","C4",24,47,"Castilleja",0,3,1,20,1,0,0,3,0,4,0,1,0,0,0,0,NA,0,NA,3,0,0,0,0,NA,0,0,0,0,1,0,0,NA,0,0,0,0,0,0,0,0,0,0,0,0,0,0,0,0,0,0,NA,0,0,0,0,0,0,0,0,0,0,0,0,0,0,0,NA,0,0,0,0
2024,"7/10/24","Avery","C4C",24,48,"Control",2,2,0,10,0,0,3,0,0,3,0,0,2,0,0,0,NA,2,NA,1,0,0,0,0,NA,0,0,0,0,1,0,0,NA,0,0,0,0,0,0,0,0,0,0,0,0,0,0,0,0,0,0,NA,0,0,0,0,0,0,0,0,0,1,0,0,0,0,0,NA,0,0,0,0
2024,"7/10/24","Avery","C5",25,49,"Castilleja",1,6,1,40,0,0,0,1,0,5,0,0,4,0,0,0,NA,1,NA,1,0,0,0,0,NA,0,0,0,0,3,0,0,NA,0,0,0,0,0,0,0,0,0,0,0,0,0,0,0,0,0,0,NA,0,0,0,0,0,0,0,0,0,1,0,0,0,0,0,NA,0,0,0,0
2024,"7/10/24","Avery","C5C",25,50,"Control",0,7,0,10,2,0,0,1,0,6,0,0,2,0,0,0,NA,0,NA,1,0,0,0,0,NA,0,0,0,0,2,0,0,NA,0,0,0,0,0,0,0,0,0,0,0,0,0,0,0,0,0,0,NA,0,0,0,0,0,0,0,0,0,0,0,0,0,0,0,NA,0,0,0,0
2024,"7/10/24","Avery","C6",26,51,"Castilleja",1,3,1,10,0,0,0,0,0,5,0,0,1,0,0,0,NA,0,NA,0,0,0,0,0,NA,0,0,0,0,4,0,0,NA,0,0,0,0,0,0,0,0,0,0,0,0,0,0,0,0,0,0,NA,0,0,0,0,0,0,0,0,0,10,0,0,0,0,0,NA,0,0,0,0
2024,"7/10/24","Avery","C6C",26,52,"Control",4,6,0,40,0,0,0,0,0,5,0,0,3,0,0,0,NA,0,NA,0,0,0,0,0,NA,0,0,0,0,1,0,0,NA,2,0,0,0,0,0,0,0,0,0,0,0,0,0,1,0,0,0,NA,0,0,0,0,0,0,0,0,0,8,0,0,0,0,0,NA,0,0,0,0
2024,"7/10/24","Avery","C7",27,53,"Castilleja",0,6,2,30,0,0,0,0,0,5,0,0,2,0,0,0,NA,0,NA,3,0,0,0,0,NA,0,0,0,0,0,0,0,NA,1,0,0,0,1,0,0,0,0,0,0,0,0,0,3,0,0,0,NA,0,0,0,0,0,0,0,0,0,1,0,0,0,0,0,NA,0,0,0,0
2024,"7/10/24","Avery","C7C",27,54,"Control",0,0,0,15,1,0,0,0,0,4,0,0,4,3,0,0,NA,0,NA,2,0,0,0,0,NA,0,0,0,0,2,0,0,NA,3,0,0,0,0,0,0,0,0,0,0,0,0,0,0,0,0,0,NA,0,0,0,0,0,1,0,0,0,2,0,0,0,0,0,NA,0,0,0,0
2024,"7/10/24","Avery","C8",28,55,"Castilleja",0,3,1,2,1,0,0,1,0,3,0,0,0,3,0,0,NA,0,NA,2,0,0,0,0,NA,0,0,0,0,0,0,0,NA,3,0,0,0,0,0,0,0,0,0,0,0,0,0,1,0,0,0,NA,0,0,0,0,0,0,0,0,0,0,0,0,0,0,0,NA,0,0,0,0
2024,"7/10/24","Avery","C8C",28,56,"Control",0,2,0,10,1,0,0,0,0,2,0,0,0,1,0,0,NA,0,NA,0,0,0,0,0,NA,0,0,0,0,0,0,0,NA,0,0,0,0,0,0,0,0,0,0,0,0,0,0,3,0,0,0,NA,0,0,0,0,0,0,0,0,0,1,0,0,0,0,0,NA,0,0,0,0
2024,"7/11/24","Avery","C9",29,57,"Castilleja",0,1,1,30,0,3,0,0,0,6,0,1,0,1,0,0,NA,0,NA,8,0,3,0,0,NA,0,0,0,0,0,0,0,NA,0,0,0,0,0,0,0,5,0,0,0,0,0,0,0,0,0,0,NA,0,0,0,0,0,0,0,0,0,10,0,0,0,0,0,NA,0,0,0,0
2024,"7/11/24","Avery","C9C",29,58,"Control",0,9,0,20,0,5,0,8,0,5,0,0,1,1,0,0,NA,0,NA,0,0,0,0,0,NA,0,0,0,0,0,0,0,NA,0,0,0,0,0,0,0,0,0,0,0,0,0,0,0,0,0,0,NA,0,0,0,0,0,0,0,0,0,5,0,0,0,0,0,NA,0,0,0,0
2024,"7/11/24","Avery","C10",30,59,"Castilleja",1,3,1,20,0,0,0,0,0,9,0,0,3,0,0,0,NA,4,NA,0,0,0,0,0,NA,0,0,0,0,2,0,0,NA,3,0,0,0,0,0,0,10,0,0,0,0,0,0,0,0,0,0,NA,0,0,0,0,0,0,0,0,0,2,0,0,0,0,0,NA,0,0,0,0
2024,"7/11/24","Avery","C10C",30,60,"Control",0,0,0,20,0,2,0,0,0,5,0,0,3,0,0,0,NA,4,NA,0,0,3,0,0,NA,0,0,0,0,0,0,0,NA,2,0,0,0,0,0,0,0,0,0,0,0,0,0,0,0,0,0,NA,0,0,0,0,0,0,0,0,0,10,0,0,0,0,0,NA,0,0,0,0
2024,"7/11/24","Avery","C11",31,61,"Castilleja",2,0,3,25,2,3,0,20,0,2,0,0,6,1,0,0,NA,1,NA,0,0,0,0,0,NA,0,0,0,0,4,0,0,NA,0,0,0,0,0,0,0,0,0,0,0,0,0,0,0,0,0,0,NA,0,0,0,0,0,0,0,0,0,0,0,0,0,0,0,NA,0,0,0,0
2024,"7/11/24","Avery","C11C",31,62,"Control",0,0,0,8,0,2,0,30,0,3,2,0,2,1,0,0,NA,2,NA,0,0,0,0,0,NA,0,0,0,0,1,0,0,NA,0,0,0,0,0,0,0,0,0,0,0,0,0,0,0,0,0,0,NA,0,0,0,0,0,1,0,0,0,0,0,0,0,0,0,NA,0,0,0,0
2024,"7/11/24","Avery","C12",32,63,"Castilleja",1,0,2,25,0,3,0,20,0,2,0,0,6,1,3,0,NA,3,NA,0,0,0,0,0,NA,0,0,0,0,2,0,0,NA,0,0,0,0,1,0,0,0,0,0,0,0,0,0,0,0,0,0,NA,0,0,0,0,0,0,0,0,0,2,0,0,0,0,0,NA,0,0,4,0
2024,"7/11/24","Avery","C12C",32,64,"Control",3,1,0,4,0,1,1,6,0,3,0,0,0,3,0,0,NA,2,NA,0,0,0,0,0,NA,0,0,0,0,0,0,0,NA,0,0,0,0,0,1,0,0,0,0,0,0,0,0,0,0,0,0,NA,0,0,0,0,0,0,0,0,0,0,0,0,0,0,0,NA,0,0,0,0
2024,"7/11/24","Avery","C13",33,65,"Castilleja",3,3,2,9,0,2,0,5,0,0,0,0,4,0,2,0,NA,0,NA,0,0,0,0,0,NA,0,0,0,0,2,0,0,NA,0,0,0,0,0,4,0,0,0,0,0,0,0,0,0,0,0,0,NA,0,0,0,0,0,1,0,0,0,0,0,0,0,0,0,NA,0,0,0,0
2024,"7/11/24","Avery","C13C",33,66,"Control",2,10,0,6,1,0,0,0,0,0,0,0,2,1,0,0,NA,0,NA,0,0,0,0,0,NA,0,0,0,0,4,0,0,NA,0,0,0,0,0,0,0,0,0,0,0,0,0,0,0,0,0,0,NA,0,0,0,0,0,0,0,0,0,2,0,0,0,0,0,NA,0,0,0,0
2024,"7/11/24","Avery","C14",34,67,"Castilleja",4,7,2,15,0,4,0,0,0,0,0,0,2,1,0,0,NA,1,NA,0,0,0,0,0,NA,0,0,0,0,0,0,0,NA,0,0,0,0,0,0,0,0,0,0,0,0,0,0,0,0,0,0,NA,0,0,0,0,0,0,0,0,0,15,0,0,0,0,0,NA,0,0,0,0
2024,"7/11/24","Avery","C14C",34,68,"Control",0,5,0,10,0,1,0,0,0,2,0,0,6,0,0,0,NA,0,NA,0,0,0,0,0,NA,0,0,0,0,0,0,0,NA,1,0,0,0,0,2,0,0,0,0,0,0,0,0,0,0,0,0,NA,0,0,0,0,0,1,0,0,0,10,0,0,0,0,0,NA,0,0,0,0
2024,"7/11/24","Avery","C15",35,69,"Castilleja",0,2,1,6,0,2,0,0,0,3,0,1,6,0,0,0,NA,0,NA,0,0,0,0,0,NA,0,0,0,0,0,0,0,NA,1,0,0,0,0,0,0,1,0,0,0,0,0,0,0,0,0,0,NA,0,0,0,0,0,0,0,0,0,6,0,0,0,0,0,NA,0,0,0,0
2024,"7/11/24","Avery","C15C",35,70,"Control",2,2,0,6,0,4,0,0,0,7,0,2,2,0,0,0,NA,1,NA,0,0,0,0,0,NA,0,0,0,0,1,0,0,NA,2,0,0,0,0,0,0,0,0,0,0,0,0,0,0,0,0,0,NA,0,0,0,0,0,0,0,0,0,15,0,0,0,0,0,NA,0,0,0,0
2024,"7/11/24","Avery","C16",36,71,"Castilleja",3,3,1,7,0,0,0,6,0,5,0,7,2,0,3,2,NA,2,NA,0,0,0,0,0,NA,0,0,0,0,0,0,0,NA,0,0,0,0,0,5,0,0,0,0,0,0,0,0,0,0,0,0,NA,0,0,0,0,0,0,0,0,0,5,0,0,0,0,0,NA,0,0,0,0
2024,"7/11/24","Avery","C16C",36,72,"Control",0,0,0,5,0,0,0,0,0,1,0,0,1,0,0,0,NA,0,NA,0,0,0,0,0,NA,0,0,0,0,0,0,0,NA,0,0,0,0,0,5,0,0,0,0,0,0,0,0,0,0,0,0,NA,0,0,0,0,0,0,0,0,0,3,0,0,0,0,0,NA,0,0,0,0
2024,"7/11/24","Avery","C17",37,73,"Castilleja",4,2,2,30,0,0,0,3,0,4,0,3,1,0,0,0,NA,0,NA,0,0,0,0,0,NA,0,0,0,0,0,0,0,NA,0,0,0,0,0,0,0,0,0,0,0,0,0,0,0,0,0,0,NA,0,0,0,0,0,0,0,0,0,3,0,0,0,0,0,NA,0,0,0,0
2024,"7/11/24","Avery","C17C",37,74,"Control",0,1,0,30,1,0,0,0,0,2,0,3,5,0,0,0,NA,0,NA,0,0,0,0,0,NA,0,0,0,0,0,0,0,NA,0,0,0,0,0,4,0,0,0,0,0,0,0,0,0,0,0,0,NA,0,0,0,0,0,0,0,0,0,7,0,0,0,0,0,NA,0,0,0,0
2024,"7/11/24","Avery","C18",38,75,"Castilleja",0,7,2,9,2,1,0,0,0,4,0,0,4,2,0,0,NA,1,NA,0,0,0,0,0,NA,0,0,0,0,0,0,0,NA,0,0,0,0,0,3,0,0,0,0,0,0,0,0,0,0,0,0,NA,0,0,0,0,0,0,0,0,0,0,0,0,0,0,0,NA,0,0,0,0
2024,"7/11/24","Avery","C18C",38,76,"Control",0,1,0,12,5,0,0,3,0,3,0,0,5,1,0,0,NA,1,NA,0,0,0,0,0,NA,0,0,0,0,0,0,0,NA,0,0,0,0,0,5,0,0,0,0,0,0,0,0,0,0,0,0,NA,0,0,0,0,0,0,0,0,0,0,0,0,0,0,0,NA,0,0,0,0
2024,"7/11/24","Avery","C19",39,77,"Castilleja",1,3,2,20,1,2,0,0,0,3,0,1,0,5,0,0,NA,0,NA,0,0,0,0,0,NA,0,0,0,0,0,0,0,NA,0,0,0,0,0,2,0,0,0,0,0,0,0,0,0,0,0,0,NA,0,0,0,0,0,0,0,0,0,10,0,0,0,0,0,NA,0,0,0,0
2024,"7/11/24","Avery","C19C",39,78,"Control",0,5,0,25,3,2,0,0,0,4,0,2,0,1,0,1,NA,0,NA,0,0,0,0,0,NA,0,0,0,0,0,0,0,NA,0,0,0,0,0,0,0,0,0,0,0,0,0,0,0,0,0,0,NA,0,0,0,0,0,1,0,0,0,4,0,0,0,0,0,NA,0,0,0,0
2024,"7/11/24","Avery","C20",40,79,"Castilleja",0,3,2,30,0,0,0,0,0,4,0,0,2,1,0,1,NA,0,NA,0,0,0,0,0,NA,0,0,0,0,0,0,0,NA,0,0,0,0,0,0,0,0,0,0,0,0,0,0,0,0,0,0,NA,0,0,0,0,0,0,0,0,0,10,0,0,0,0,0,NA,0,0,0,0
2024,"7/11/24","Avery","C20C",40,80,"Control",0,7,0,18,0,0,0,0,0,1,0,5,4,2,0,0,NA,0,NA,0,0,0,0,0,NA,0,0,0,0,0,0,0,NA,0,0,0,0,0,0,0,0,0,0,0,0,0,0,0,0,0,0,NA,0,0,0,0,0,0,0,0,0,10,0,0,0,0,0,NA,0,0,0,0
2024,"7/18","Copper Creek","E1",41,81,"Castilleja",0,0,1,4,0,0,0,15,0,0,0,0,8,0,3,0,NA,0,NA,0,0,0,0,0,NA,0,0,0,0,0,1,0,NA,1,0,0,0,0,0,4,0,0,0,1,0,0,1,0,0,1,1,NA,1,0,0,0,2,1,0,0,0,0,0,0,0,0,0,NA,0,0,0,1
2024,"7/18","Copper Creek","E1C",41,82,"Control",0,0,0,6,0,0,0,10,0,1,3,0,1,0,2,1,NA,0,NA,2,0,0,0,0,NA,0,0,0,1,0,3,0,NA,3,1,0,0,0,0,1,0,0,0,7,0,0,0,0,0,0,0,NA,4,0,0,0,7,0,0,0,0,0,0,4,0,0,0,NA,0,0,0,0
2024,"7/18","Copper Creek","E2",42,83,"Castilleja",0,0,2,1,0,0,1,11,0,0,4,0,0,0,2,2,NA,0,NA,0,10,0,0,0,NA,0,0,0,0,0,5,0,NA,2,0,0,0,0,0,4,0,0,0,0,0,0,0,0,0,0,1,NA,3,0,0,0,1,4,0,0,0,0,0,0,0,0,0,NA,0,0,0,0
2024,"7/18","Copper Creek","E2C",42,84,"Control",0,0,0,4,0,0,0,6,0,3,2,0,0,0,0,7,NA,0,NA,0,4,0,0,0,NA,0,0,0,0,0,8,0,NA,3,0,0,0,0,0,2,5,0,0,0,1,0,0,1,0,0,0,NA,3,0,0,0,2,3,0,0,0,0,0,0,0,0,1,NA,0,0,0,0
2024,"7/18","Copper Creek","E3",43,85,"Castilleja",0,1,1,9,0,0,0,8,0,0,3,1,3,0,0,1,NA,0,NA,0,0,0,0,0,NA,0,0,0,0,0,3,0,NA,0,0,0,5,0,0,13,0,0,0,0,1,0,0,0,0,0,0,NA,0,0,0,0,0,2,0,0,0,0,0,1,0,0,0,NA,0,0,0,0
2024,"7/18","Copper Creek","E3C",43,86,"Control",0,0,0,9,0,0,0,10,0,2,0,0,1,0,0,0,NA,0,NA,0,2,0,0,0,NA,0,0,0,0,0,3,0,NA,0,0,0,4,0,0,4,0,0,0,2,1,0,0,0,0,0,0,NA,0,0,0,0,0,2,0,0,0,0,0,0,0,0,0,NA,0,0,0,0
2024,"7/18","Copper Creek","E4",44,87,"Castilleja",0,0,1,4,0,0,0,10,0,0,0,0,0,0,0,2,NA,0,NA,0,2,0,0,0,NA,0,0,0,1,0,5,0,NA,0,0,0,9,0,0,15,0,0,0,0,0,0,0,1,0,1,0,NA,2,0,0,0,0,2,0,0,0,0,0,2,0,0,0,NA,0,0,0,0
2024,"7/18","Copper Creek","E4C",44,88,"Control",0,1,0,2,0,0,0,10,0,1,0,0,0,0,0,3,NA,0,NA,0,0,0,0,0,NA,0,0,0,0,0,5,0,NA,0,0,0,0,0,0,6,0,0,0,0,0,0,0,6,0,0,0,NA,0,0,0,0,2,0,0,0,0,0,0,8,0,0,0,NA,0,0,0,0
2024,"7/18","Copper Creek","E5",45,89,"Castilleja",0,0,1,4,0,0,2,6,0,3,4,0,3,0,0,1,NA,0,NA,0,0,0,0,0,NA,0,0,0,0,0,8,0,NA,0,0,0,0,0,0,0,0,0,0,0,1,0,0,1,1,1,0,NA,5,0,0,0,2,2,0,0,0,0,0,0,0,0,0,NA,0,0,0,0
2024,"7/18","Copper Creek","E5C",45,90,"Control",0,0,0,8,0,0,0,8,0,0,1,0,3,0,0,1,NA,0,NA,0,0,0,0,0,NA,0,0,0,0,0,8,0,NA,0,0,0,0,0,0,3,0,0,0,0,3,0,0,3,0,6,0,NA,2,0,0,0,4,3,0,0,0,0,0,0,0,0,0,NA,0,0,0,0
2024,"7/18","Copper Creek","E6",46,91,"Castilleja",1,0,2,5,0,0,0,6,0,3,10,0,2,0,8,2,NA,0,NA,0,2,0,0,0,NA,0,0,0,0,0,8,0,NA,1,0,0,0,0,0,2,0,0,0,0,0,0,0,0,0,1,2,NA,0,0,0,0,2,2,0,0,0,0,0,10,0,0,2,NA,0,0,0,0
2024,"7/18","Copper Creek","E6C",46,92,"Control",0,0,0,0,2,0,1,3,0,1,3,0,4,0,2,2,NA,0,NA,0,0,0,0,0,NA,0,0,0,0,0,7,0,NA,0,0,0,0,0,0,0,3,0,0,1,3,0,0,0,1,3,4,NA,0,0,1,0,4,0,0,0,0,0,0,5,1,0,0,NA,0,0,0,0
2024,"7/18","Copper Creek","E7",47,93,"Castilleja",0,3,1,5,0,0,3,6,0,0,9,0,8,0,0,0,NA,0,NA,0,0,0,0,0,NA,0,0,0,0,0,8,0,NA,0,0,0,0,0,0,2,0,0,0,0,0,0,0,3,0,3,4,NA,0,0,0,0,0,2,0,0,0,0,0,2,0,0,0,NA,0,0,0,2
2024,"7/18","Copper Creek","E7C",47,94,"Control",0,0,0,6,0,0,0,10,0,1,9,1,1,0,0,0,NA,0,NA,0,0,0,0,0,NA,0,0,0,0,0,0,0,NA,0,0,0,0,0,0,13,0,0,0,0,1,0,0,6,2,0,2,NA,0,0,0,0,0,0,0,0,0,0,0,0,1,0,0,NA,0,0,0,0
2024,"7/18","Copper Creek","E8",48,95,"Castilleja",0,0,2,1,0,0,3,4,0,1,8,0,0,0,0,1,NA,0,NA,1,0,0,0,0,NA,0,0,0,0,0,2,0,NA,3,0,0,0,0,0,4,5,0,0,0,1,0,0,0,0,2,6,NA,0,0,1,0,8,1,3,0,0,0,0,0,0,0,0,NA,0,0,0,1
2024,"7/18","Copper Creek","E8C",48,96,"Control",0,0,0,2,0,0,0,3,0,5,8,0,0,0,2,1,NA,0,NA,0,0,0,0,0,NA,0,0,0,0,0,6,0,NA,1,3,0,0,0,0,3,5,0,0,0,0,0,0,1,0,0,4,NA,0,0,0,0,6,2,0,0,0,0,0,0,0,0,0,NA,0,0,0,0
2024,"7/22","Copper Creek","E9",49,97,"Castilleja",0,1,1,16,0,0,3,10,0,0,0,0,0,0,1,1,NA,0,NA,1,0,0,0,0,NA,0,0,0,0,0,4,0,NA,0,0,0,0,0,0,4,2,0,0,0,0,0,0,2,0,1,8,NA,0,0,0,0,10,0,0,0,0,0,0,0,0,0,0,NA,0,0,0,0
2024,"7/22","Copper Creek","E9C",49,98,"Control",0,0,0,7,0,0,0,9,0,1,1,0,10,0,1,1,NA,0,NA,0,0,0,0,0,NA,0,0,0,0,0,7,0,NA,0,0,0,0,0,0,3,0,0,0,0,7,0,0,0,1,0,1,NA,0,0,0,0,7,0,0,0,0,0,0,0,0,0,10,NA,0,0,0,0
2024,"7/22","Copper Creek","E10",50,99,"Castilleja",0,0,1,1,0,0,16,7,0,0,2,0,0,0,0,0,NA,0,NA,0,0,0,0,0,NA,0,0,0,0,0,5,0,NA,1,0,0,0,0,0,8,3,0,0,0,0,0,0,3,2,2,0,NA,0,0,0,0,2,3,0,0,0,0,0,0,0,0,0,NA,0,0,0,0
2024,"7/22","Copper Creek","E10C",50,100,"Control",0,0,0,5,0,0,3,8,0,0,1,0,5,0,3,0,NA,0,NA,0,0,0,0,0,NA,0,0,0,0,0,4,0,NA,0,0,0,0,0,0,10,0,0,0,0,2,0,0,2,1,3,0,NA,0,0,0,0,4,0,0,0,0,0,0,0,1,0,7,NA,0,0,0,0
2024,"7/22","Copper Creek","E11",51,101,"Castilleja",0,0,1,5,0,0,0,8,0,0,0,0,12,0,2,0,NA,0,NA,0,0,0,0,0,NA,0,0,0,0,0,1,0,NA,0,0,0,0,0,0,5,3,0,0,0,0,0,0,2,0,0,0,NA,1,0,0,0,4,1,0,0,0,0,0,0,0,0,0,NA,0,0,0,0
2024,"7/22","Copper Creek","E11C",51,102,"Control",0,0,0,3,0,0,0,25,0,0,0,7,9,0,0,0,NA,0,NA,0,1,0,0,0,NA,0,0,0,0,0,2,0,NA,0,0,0,0,0,0,4,0,0,0,0,0,0,0,0,0,0,0,NA,0,0,0,0,0,0,0,0,0,0,0,1,0,0,0,NA,0,0,0,0
2024,"7/22","Copper Creek","E12",52,103,"Castilleja",2,4,2,6,0,0,0,20,0,1,0,0,6,0,0,0,NA,0,NA,0,0,0,0,0,NA,0,0,0,0,0,6,0,NA,0,0,0,0,0,0,0,0,0,0,0,0,0,0,1,0,0,0,NA,0,0,0,0,0,3,0,0,0,0,0,0,0,0,0,NA,1,0,0,0
2024,"7/22","Copper Creek","E12C",52,104,"Control",1,1,0,8,0,0,0,4,0,0,0,0,0,0,0,1,NA,0,NA,0,0,0,0,0,NA,0,0,0,1,0,5,0,NA,0,0,0,0,0,0,0,2,0,0,0,0,0,0,3,0,0,0,NA,1,0,0,0,0,1,0,0,0,0,0,3,0,0,0,NA,0,0,0,0
2024,"7/22","Copper Creek","E13",53,105,"Castilleja",0,2,4,7,0,0,0,15,0,1,0,0,0,0,0,0,NA,0,NA,0,1,0,0,0,NA,0,0,0,0,0,9,0,NA,0,0,0,0,0,0,10,0,0,0,0,0,0,0,1,0,2,0,NA,1,0,0,0,3,3,0,0,0,0,0,0,0,0,0,NA,0,0,0,1
2024,"7/22","Copper Creek","E13C",53,106,"Control",2,1,0,8,0,0,0,6,0,2,0,0,0,0,0,3,NA,0,NA,0,6,0,0,0,NA,0,0,0,2,0,7,0,NA,0,0,0,0,0,0,2,0,0,0,0,0,0,0,0,0,0,0,NA,0,0,0,0,0,1,0,0,0,0,0,1,0,0,0,NA,0,0,0,0
2024,"7/22","Copper Creek","E14",54,107,"Castilleja",1,0,3,0,0,0,1,7,0,2,0,0,1,0,0,1,NA,0,NA,0,0,0,0,0,NA,0,0,0,0,0,9,0,NA,0,0,0,0,0,0,16,0,0,0,0,2,0,0,1,0,0,3,NA,0,0,0,0,1,4,0,0,0,0,0,0,0,0,0,NA,0,0,0,0
2024,"7/22","Copper Creek","E14C",54,108,"Control",0,0,0,6,0,0,0,8,0,0,0,0,0,0,0,0,NA,0,NA,0,0,0,0,0,NA,0,0,0,0,0,7,0,NA,0,0,0,0,0,0,3,2,0,0,0,2,0,0,1,0,0,0,NA,0,0,0,0,0,3,0,0,0,0,0,11,0,0,0,NA,0,0,0,0
2024,"7/22","Copper Creek","E15",55,109,"Castilleja",0,0,2,2,0,0,0,4,0,1,1,0,0,0,0,0,NA,0,NA,0,0,0,0,0,NA,0,0,0,0,0,7,0,NA,0,0,0,0,0,0,1,4,0,0,0,0,0,0,0,0,0,5,NA,0,0,0,0,0,6,0,0,0,0,0,0,0,0,0,NA,0,0,0,0
2024,"7/22","Copper Creek","E15C",55,110,"Control",0,0,0,9,0,0,0,6,0,0,0,0,5,0,0,5,NA,0,NA,0,0,0,0,0,NA,0,0,0,0,0,4,0,NA,0,0,0,0,0,0,1,1,0,0,0,0,0,0,0,0,0,10,NA,1,0,0,0,3,0,0,0,0,0,0,0,0,0,0,NA,0,0,0,0
2024,"7/22","Copper Creek","E16",56,111,"Castilleja",0,0,1,0,0,0,0,9,0,0,6,0,4,0,0,3,NA,0,NA,0,0,0,0,0,NA,0,0,0,0,0,4,0,NA,1,0,0,0,0,0,5,0,0,0,0,1,0,0,0,0,0,7,NA,3,0,0,0,7,3,0,0,0,0,0,8,0,0,0,NA,0,0,0,0
2024,"7/22","Copper Creek","E16C",56,112,"Control",0,0,0,2,0,0,0,8,0,1,1,0,0,0,0,4,NA,0,NA,0,0,0,0,0,NA,0,0,0,0,0,2,0,NA,0,0,0,0,0,0,10,0,0,0,0,3,0,0,0,0,0,3,NA,5,0,0,0,7,4,0,0,0,0,0,15,0,0,0,NA,0,0,0,0
2024,"7/23","Copper Creek","E17",57,113,"Castilleja",0,0,3,7,0,0,2,15,0,0,8,0,0,0,0,4,NA,0,NA,0,0,0,0,0,NA,0,0,0,0,0,6,0,NA,0,0,0,0,0,0,2,0,0,0,0,0,0,0,1,0,0,5,NA,0,0,0,0,7,3,0,0,0,0,0,0,0,0,0,NA,0,0,0,0
2024,"7/23","Copper Creek","E17C",57,114,"Control",0,3,0,5,0,0,0,9,0,0,4,0,2,0,0,2,NA,0,NA,0,1,0,0,0,NA,0,0,0,1,0,6,0,NA,0,0,0,0,0,0,5,0,0,0,0,0,0,0,0,0,0,0,NA,0,0,0,0,6,1,0,0,0,0,0,0,0,0,0,NA,0,0,0,0
2024,"7/23","Copper Creek","E18",58,115,"Castilleja",1,0,3,6,0,0,0,20,0,2,5,0,0,0,0,2,NA,0,NA,1,0,0,0,0,NA,0,0,0,0,0,2,0,NA,0,0,0,0,0,0,0,0,0,0,0,0,0,0,2,0,0,2,NA,1,0,0,0,0,4,0,0,0,0,0,0,0,0,0,NA,0,0,0,0
2024,"7/23","Copper Creek","E18C",58,116,"Control",0,1,0,7,0,0,1,20,0,0,2,0,0,0,4,2,NA,0,NA,0,1,0,0,0,NA,0,0,0,0,0,3,0,NA,0,0,0,0,0,0,0,0,0,0,6,0,0,0,0,0,0,0,NA,0,0,0,0,9,4,0,0,0,0,0,0,0,0,0,NA,0,0,0,0
2024,"7/23","Copper Creek","E19",59,117,"Castilleja",1,0,2,3,0,1,0,12,0,0,0,0,0,0,0,2,NA,0,NA,0,0,0,0,0,NA,0,0,0,0,0,5,0,NA,0,0,0,0,0,0,10,0,0,0,0,0,0,0,0,0,0,2,NA,0,0,0,0,0,2,0,0,0,0,0,14,0,0,0,NA,0,0,0,0
2024,"7/23","Copper Creek","E19C",59,118,"Control",0,0,0,2,0,0,0,10,0,1,0,0,0,0,0,1,NA,0,NA,0,0,0,0,0,NA,0,0,0,0,0,2,0,NA,1,0,0,0,0,0,7,0,0,0,0,0,0,0,2,0,0,1,NA,0,0,0,0,0,1,0,0,0,0,0,0,0,0,0,NA,0,0,0,0
2024,"7/23","Copper Creek","E20",60,119,"Castilleja",0,0,1,5,0,0,0,5,0,2,5,0,0,0,1,5,NA,0,NA,0,0,0,0,0,NA,0,0,0,0,0,7,0,NA,0,0,0,0,0,0,7,0,0,0,0,2,0,0,1,0,0,7,NA,5,0,0,0,0,0,0,0,0,0,0,15,0,0,0,NA,0,0,0,0
2024,"7/23","Copper Creek","E20C",60,120,"Control",0,0,0,1,0,0,1,15,0,1,2,0,1,0,0,1,NA,0,NA,0,0,0,0,0,NA,0,0,0,0,0,5,0,NA,0,0,0,0,0,0,1,0,0,0,0,0,0,0,2,0,0,0,NA,0,0,0,0,0,3,0,0,0,0,0,0,0,0,0,NA,0,0,0,0
2024,"7/25/2024","Emerald Lake","F1",81,161,"Castilleja",0,3,1,0,2,0,0,0,7,6,0,0,0,0,0,0,NA,0,NA,6,0,0,2,0,NA,0,6,0,0,4,0,0,NA,1,0,0,0,0,0,0,0,0,3,0,0,4,0,0,0,0,0,NA,0,0,0,0,0,0,0,0,10,0,2,0,0,0,0,NA,0,0,0,0
2024,"7/25/2024","Emerald Lake","F1C",81,162,"Control",0,2,0,1,3,0,0,0,10,8,1,0,0,0,0,0,NA,0,NA,4,0,0,3,0,NA,0,3,0,0,2,0,0,NA,0,0,0,0,0,0,0,0,0,1,0,0,0,0,0,0,0,0,NA,0,0,0,0,0,0,0,0,3,0,1,0,0,0,0,NA,0,0,0,0
2024,"7/25/2024","Emerald Lake","F2",82,163,"Castilleja",0,0,3,3,1,0,0,0,5,4,1,7,0,0,0,1,NA,0,NA,4,0,0,0,0,NA,1,5,0,2,2,0,0,NA,0,0,0,0,0,0,0,0,0,3,0,0,0,0,0,0,0,0,NA,0,0,0,0,0,0,0,0,7,0,0,0,0,0,0,NA,0,0,0,0
2024,"7/25/2024","Emerald Lake","F2C",82,164,"Control",0,2,0,5,2,0,0,0,0,4,0,8,0,0,0,0,NA,0,NA,5,2,0,2,0,NA,2,8,0,1,0,0,0,NA,0,0,1,0,0,0,0,0,0,3,0,0,0,0,0,0,0,0,NA,0,0,0,0,0,0,0,0,0,0,0,0,0,0,0,NA,0,0,0,0
2024,"7/25/2024","Emerald Lake","F3",83,165,"Castilleja",0,0,1,2,0,0,0,0,6,4,2,3,0,0,0,0,NA,0,NA,3,0,0,2,0,NA,0,7,0,0,3,0,0,NA,1,0,0,0,0,0,0,0,0,2,0,0,1,0,0,0,0,0,NA,0,0,0,0,0,0,0,0,0,0,2,0,0,0,0,NA,0,0,0,0
2024,"7/25/2024","Emerald Lake","F3C",83,166,"Control",0,1,0,0,1,0,0,0,5,3,0,2,0,0,0,0,NA,0,NA,6,3,0,3,0,NA,0,3,0,2,3,0,0,NA,1,2,0,0,0,0,0,0,0,2,0,0,0,0,0,0,0,0,NA,0,0,0,0,0,0,0,0,0,0,0,0,0,0,0,NA,0,1,0,0
2024,"7/25/2024","Emerald Lake","F4",84,167,"Castilleja",0,5,3,2,0,0,0,0,3,7,0,0,0,0,0,1,NA,0,NA,7,1,0,5,0,NA,1,2,0,0,5,0,0,NA,1,0,0,0,0,0,0,0,0,1,0,0,0,0,0,0,0,0,NA,0,0,0,0,0,0,0,0,0,0,0,0,0,0,0,NA,0,1,0,0
2024,"7/25/2024","Emerald Lake","F4C",84,168,"Control",0,4,0,4,1,0,0,0,7,6,0,2,0,0,0,1,NA,0,NA,5,3,0,5,0,NA,2,4,0,3,4,0,0,NA,1,0,0,0,0,0,0,0,0,0,0,0,0,0,0,0,0,0,NA,0,0,0,2,0,0,0,0,0,0,0,0,0,0,0,NA,0,1,0,0
2024,"7/25/2024","Emerald Lake","F5",85,169,"Castilleja",0,3,2,3,2,0,0,0,5,4,0,3,0,0,0,0,NA,0,NA,6,4,0,1,0,NA,0,6,12,2,2,0,0,NA,0,0,0,0,0,0,0,0,0,0,0,0,0,0,0,0,0,0,NA,0,0,0,0,0,0,0,0,0,0,0,0,0,0,0,NA,0,1,0,0
2024,"7/25/2024","Emerald Lake","F5C",85,170,"Control",0,1,0,2,0,0,0,0,5,5,0,4,0,0,0,2,NA,0,NA,5,1,0,2,0,NA,0,1,11,2,0,0,0,NA,0,0,0,0,0,0,0,0,0,0,0,0,0,0,0,0,0,0,NA,0,0,0,3,0,0,0,0,0,0,0,0,0,0,0,NA,0,0,0,0
2024,"7/25/2024","Emerald Lake","F6",86,171,"Castilleja",0,2,2,0,1,0,0,0,4,7,0,5,0,0,0,0,NA,0,NA,8,2,0,2,1,NA,0,2,8,1,4,0,0,NA,2,0,0,0,0,0,0,0,0,2,0,0,0,0,0,0,0,0,NA,0,0,0,0,0,0,0,0,0,0,0,0,0,0,0,NA,0,1,0,0
2024,"7/25/2024","Emerald Lake","F6C",86,172,"Control",0,3,0,2,2,0,0,0,5,3,1,10,0,0,0,0,NA,0,NA,7,5,0,1,0,NA,0,0,7,2,0,0,0,NA,1,0,0,0,0,0,0,0,0,2,0,0,0,0,0,0,0,0,NA,0,0,0,0,0,0,0,0,0,2,0,0,0,0,0,NA,0,0,0,0
2024,"7/26/2024","Emerald Lake","F7",87,173,"Castilleja",0,1,2,1,3,0,0,0,6,5,2,4,0,0,0,1,NA,0,NA,4,0,2,4,1,NA,4,2,0,0,3,0,0,NA,1,0,0,0,0,0,0,0,0,0,0,0,0,0,0,0,0,0,NA,0,0,0,0,0,0,0,4,2,0,0,0,0,0,0,NA,0,0,0,0
2024,"7/26/2024","Emerald Lake","F7C",87,174,"Control",0,0,0,0,3,0,0,0,2,3,0,6,0,0,0,0,NA,0,NA,5,0,1,3,5,NA,1,1,0,0,2,0,0,NA,2,1,0,0,0,0,0,0,0,0,0,0,0,0,0,0,0,0,NA,0,1,0,0,0,0,0,16,4,0,0,0,0,1,0,NA,0,0,0,0
2024,"7/26/2024","Emerald Lake","F8",88,175,"Castilleja",0,0,1,3,3,0,0,0,5,6,0,0,0,0,0,0,NA,0,NA,4,0,0,3,1,NA,1,3,0,0,5,0,0,NA,2,0,0,0,0,0,0,0,0,2,0,0,0,0,0,0,0,0,NA,0,0,0,0,0,0,0,2,0,0,0,0,0,0,0,NA,0,0,0,0
2024,"7/26/2024","Emerald Lake","F8C",88,176,"Control",0,0,0,2,1,0,0,0,2,5,0,2,0,0,0,0,NA,0,NA,5,0,0,3,0,NA,2,3,0,0,9,0,0,NA,0,2,0,0,0,0,0,0,0,0,0,0,0,0,0,0,0,0,NA,0,0,0,0,0,0,0,2,0,0,0,0,0,3,0,NA,0,0,0,0
2024,"7/26/2024","Emerald Lake","F9",89,177,"Castilleja",0,0,2,6,2,0,0,0,6,5,0,8,0,0,0,1,NA,0,NA,4,1,0,1,0,NA,2,2,0,0,0,0,1,NA,0,0,0,0,0,0,0,0,0,0,0,0,0,0,0,0,0,0,NA,0,0,0,0,0,0,0,11,0,0,0,0,0,0,0,NA,0,1,0,0
2024,"7/26/2024","Emerald Lake","F9C",89,178,"Control",0,0,0,1,2,0,0,0,2,7,0,5,0,0,0,0,NA,0,NA,6,1,0,3,0,NA,1,5,0,0,10,0,1,NA,1,3,0,0,0,0,0,0,0,4,0,0,0,0,0,0,0,0,NA,0,0,0,0,0,0,0,11,0,0,0,0,0,0,0,NA,0,0,0,0
2024,"7/26/2024","Emerald Lake","F10",90,179,"Castilleja",0,3,1,4,1,0,0,0,2,5,0,2,0,0,0,0,NA,0,NA,6,2,0,0,0,NA,0,1,0,3,6,0,0,NA,1,0,0,0,0,0,0,0,0,4,0,0,0,0,0,0,0,0,NA,0,0,0,0,0,0,0,1,0,0,0,0,0,3,0,NA,0,0,0,0
2024,"7/26/2024","Emerald Lake","F10C",90,180,"Control",0,1,0,4,0,0,0,0,2,4,0,7,0,0,0,1,NA,0,NA,5,1,0,4,0,NA,1,3,0,1,1,0,0,NA,0,1,0,0,0,0,0,0,0,3,0,0,0,0,0,0,0,0,NA,0,0,0,0,0,0,0,0,0,0,0,0,0,1,0,NA,0,0,0,0
2024,"7/26/2024","Emerald Lake","F11",91,181,"Castilleja",0,1,1,1,0,0,0,0,4,8,0,5,0,0,0,0,NA,0,NA,3,4,0,5,0,NA,1,2,0,0,0,0,0,NA,1,0,0,0,0,0,0,0,0,2,0,0,0,0,0,0,0,0,NA,0,0,0,0,0,0,0,0,0,0,0,0,0,0,0,NA,0,1,0,0
2024,"7/26/2024","Emerald Lake","F11C",91,182,"Control",0,1,0,0,1,0,0,0,2,5,0,2,0,0,0,1,NA,0,NA,6,2,0,7,0,NA,0,3,0,0,1,0,0,NA,1,1,0,0,0,0,0,0,0,3,0,0,0,0,0,0,0,0,NA,0,0,0,0,0,0,0,0,0,0,0,0,0,0,0,NA,0,2,0,0
2024,"7/26/2024","Emerald Lake","F12",92,183,"Castilleja",0,2,2,3,4,0,0,0,6,6,0,1,0,0,0,0,NA,0,NA,6,1,0,5,1,NA,0,7,0,0,1,0,0,NA,2,0,0,0,0,0,0,0,0,2,0,0,0,0,0,0,0,0,NA,0,0,0,0,0,0,0,3,0,0,0,0,0,0,0,NA,0,0,0,0
2024,"7/26/2024","Emerald Lake","F12C",92,184,"Control",0,1,0,0,2,0,0,0,3,7,0,5,0,0,0,2,NA,0,NA,2,3,0,3,0,NA,0,0,1,0,0,0,0,NA,1,1,0,0,0,0,0,0,0,1,0,0,0,0,0,0,0,0,NA,0,0,0,0,0,0,0,5,0,0,0,0,0,0,0,NA,0,1,0,0
2024,"7/26/2024","Emerald Lake","F13",93,185,"Castilleja",0,2,2,2,3,0,0,0,5,5,0,4,0,0,0,0,NA,0,NA,5,2,0,5,1,NA,0,11,0,0,6,0,0,NA,1,0,0,0,0,0,0,0,0,1,0,0,0,0,0,0,0,0,NA,0,0,0,0,0,0,0,0,0,0,0,0,0,0,0,NA,0,1,0,0
2024,"7/26/2024","Emerald Lake","F13C",93,186,"Control",0,3,0,3,2,0,0,0,6,8,0,2,0,0,0,0,NA,0,NA,5,0,0,1,1,NA,0,1,0,1,11,0,0,NA,3,1,0,0,0,0,0,0,0,0,0,0,0,0,0,0,0,0,NA,0,0,0,0,0,0,0,2,0,0,0,0,0,0,0,NA,0,1,0,0
2024,"7/27/2024","Emerald Lake","F14",94,187,"Castilleja",0,0,1,0,0,0,0,0,4,0,0,12,0,0,0,0,NA,0,NA,5,1,0,4,3,NA,0,1,0,0,0,0,0,NA,4,0,0,0,0,0,0,0,1,3,0,0,0,0,0,0,0,0,0,0,0,0,0,0,0,0,1,0,0,0,0,0,6,0,0,0,1,0,0
2024,"7/27/2024","Emerald Lake","F14C",94,188,"Control",0,0,0,2,2,0,0,0,5,0,0,2,0,0,0,0,NA,0,NA,1,0,0,2,4,NA,0,0,0,2,0,0,0,NA,3,0,0,0,0,0,0,0,0,2,0,0,0,0,0,0,0,0,0,0,1,0,0,0,0,0,0,0,0,0,0,0,3,0,0,0,0,0,0
2024,"7/27/2024","Emerald Lake","F15",95,189,"Castilleja",0,0,1,0,0,0,0,0,6,11,0,2,0,0,0,1,NA,0,NA,4,1,0,5,4,NA,0,0,0,0,0,0,0,NA,3,0,0,0,0,0,0,0,0,3,0,0,0,0,0,0,0,0,0,0,0,0,0,0,0,0,0,0,0,0,0,0,6,0,0,0,0,0,0
2024,"7/27/2024","Emerald Lake","F15C",95,190,"Control",0,0,0,0,0,0,0,0,1,0,0,7,0,0,0,0,NA,0,NA,2,0,0,2,0,NA,0,0,0,0,0,0,0,NA,1,0,0,0,0,0,0,0,0,0,0,0,0,0,0,0,0,0,0,0,0,0,0,0,0,0,0,0,0,0,0,0,2,0,0,0,0,0,0
2024,"7/27/2024","Emerald Lake","F16",96,191,"Castilleja",0,0,1,0,0,0,0,0,2,6,0,2,0,0,0,0,NA,0,NA,2,0,0,6,3,NA,0,0,0,3,0,0,0,NA,4,0,0,0,0,0,0,0,0,1,0,0,0,0,0,0,0,0,0,0,0,0,0,0,0,0,1,0,0,0,0,0,6,0,1,0,0,0,0
2024,"7/27/2024","Emerald Lake","F16C",96,192,"Control",0,0,0,0,2,0,0,0,1,1,0,6,0,0,0,0,NA,0,NA,1,0,0,3,9,NA,0,0,0,0,0,0,0,NA,0,0,0,0,0,0,0,0,0,3,0,0,0,0,0,0,0,0,0,0,0,0,0,0,0,0,0,0,0,0,0,0,5,0,0,0,0,0,0
2024,"7/27/2024","Emerald Lake","F17",97,193,"Castilleja",0,0,4,0,0,0,0,0,1,8,0,0,0,0,0,0,NA,0,NA,4,2,0,4,0,NA,0,5,0,0,0,0,0,NA,3,0,0,0,0,0,0,0,0,10,0,0,0,0,0,0,0,0,0,0,0,0,0,0,0,0,0,0,0,1,0,0,1,0,0,0,1,0,0
2024,"7/27/2024","Emerald Lake","F17C",97,194,"Control",0,0,0,0,0,0,0,0,4,2,0,7,0,0,0,0,NA,0,NA,3,0,0,2,1,NA,1,7,1,0,0,0,0,NA,3,0,0,0,0,0,0,0,0,2,0,0,0,0,0,0,0,0,0,0,0,0,0,0,0,0,4,0,0,1,0,0,5,0,0,0,0,0,0
2024,"7/27/2024","Emerald Lake","F18",98,195,"Castilleja",0,0,1,0,1,0,0,0,1,8,0,9,0,0,0,0,NA,0,NA,1,2,0,5,0,NA,2,4,0,0,0,0,0,NA,3,0,0,0,0,0,0,0,0,2,0,0,0,0,0,0,0,0,0,0,0,0,0,0,0,0,1,0,0,0,0,0,3,0,0,0,1,0,0
2024,"7/27/2024","Emerald Lake","F18C",98,196,"Control",0,0,0,0,2,0,0,0,0,6,0,5,0,0,0,0,NA,0,NA,1,2,0,1,1,NA,4,6,0,0,0,0,0,NA,1,0,0,0,0,0,0,0,0,1,0,0,0,0,0,0,0,0,1,0,0,0,0,0,0,0,0,0,0,0,0,0,4,0,0,0,0,0,0
2024,"7/27/2024","Emerald Lake","F19",99,197,"Castilleja",0,0,1,1,0,0,0,0,6,5,0,10,0,0,0,0,NA,0,NA,6,0,0,7,1,NA,1,1,0,0,0,0,0,NA,3,2,0,0,0,0,0,0,0,2,0,0,1,0,2,0,0,0,2,0,0,0,0,0,0,0,0,0,0,0,0,0,0,0,0,0,1,0,0
2024,"7/27/2024","Emerald Lake","F19C",99,198,"Control",0,0,0,0,0,0,0,0,1,6,0,9,0,0,0,0,NA,0,NA,5,1,0,5,0,NA,0,1,1,0,0,0,0,NA,2,0,0,0,0,0,0,0,0,4,0,0,1,0,1,0,0,0,1,0,0,0,0,0,0,0,0,0,0,0,0,0,0,0,0,0,1,0,0
2024,"7/27/2024","Emerald Lake","F20",100,199,"Castilleja",0,0,1,0,2,0,0,0,1,8,0,9,0,0,0,1,NA,0,NA,4,1,2,5,0,NA,0,3,0,0,7,0,0,NA,1,1,0,0,0,0,0,0,0,1,0,0,0,0,0,0,0,0,0,0,0,0,0,0,0,0,0,0,0,0,0,0,0,0,0,0,1,0,0
2024,"7/27/2024","Emerald Lake","F20C",100,200,"Control",0,0,0,0,3,0,0,0,0,2,0,9,0,0,0,0,NA,0,NA,2,0,0,5,6,NA,0,4,0,0,0,0,0,NA,2,0,0,0,0,0,0,0,0,0,0,0,0,0,0,0,0,0,0,0,0,0,0,0,0,0,0,0,0,0,0,0,0,0,0,0,1,0,0
